-- phpMyAdmin SQL Dump
-- version 5.2.1
-- https://www.phpmyadmin.net/
--
-- Host: 127.0.0.1
-- Generation Time: Aug 27, 2025 at 04:05 AM
-- Server version: 10.4.32-MariaDB
-- PHP Version: 8.2.12

SET SQL_MODE = "NO_AUTO_VALUE_ON_ZERO";
START TRANSACTION;
SET time_zone = "+00:00";


/*!40101 SET @OLD_CHARACTER_SET_CLIENT=@@CHARACTER_SET_CLIENT */;
/*!40101 SET @OLD_CHARACTER_SET_RESULTS=@@CHARACTER_SET_RESULTS */;
/*!40101 SET @OLD_COLLATION_CONNECTION=@@COLLATION_CONNECTION */;
/*!40101 SET NAMES utf8mb4 */;

--
-- Database: `movie_recosys`
--

-- --------------------------------------------------------

--
-- Table structure for table `countries`
--

CREATE TABLE `countries` (
  `id` int(11) NOT NULL,
  `name` varchar(100) NOT NULL
) ENGINE=InnoDB DEFAULT CHARSET=utf8mb4 COLLATE=utf8mb4_general_ci;

--
-- Dumping data for table `countries`
--

INSERT INTO `countries` (`id`, `name`) VALUES
(16, 'Armenia'),
(9, 'Australia'),
(8, 'Canada'),
(4, 'China'),
(6, 'France'),
(7, 'Germany'),
(13, 'Hong Kong'),
(14, 'Ireland'),
(11, 'Italy'),
(3, 'Japan'),
(15, 'New Zealand'),
(5, 'South Korea'),
(10, 'Spain'),
(12, 'Thailand'),
(2, 'United Kingdom'),
(1, 'United States');

-- --------------------------------------------------------

--
-- Table structure for table `genres`
--

CREATE TABLE `genres` (
  `id` int(11) NOT NULL,
  `name` varchar(100) NOT NULL
) ENGINE=InnoDB DEFAULT CHARSET=utf8mb4 COLLATE=utf8mb4_general_ci;

--
-- Dumping data for table `genres`
--

INSERT INTO `genres` (`id`, `name`) VALUES
(1, 'Action'),
(2, 'Adventure'),
(3, 'Animation'),
(4, 'Biography'),
(5, 'Comedy'),
(6, 'Crime'),
(7, 'Dance'),
(8, 'Documentary'),
(9, 'Drama'),
(10, 'Family'),
(11, 'Fantasy'),
(12, 'History'),
(13, 'Horror'),
(14, 'Kids'),
(15, 'Military'),
(16, 'Music'),
(17, 'Musical'),
(18, 'Mystery'),
(19, 'Nature'),
(20, 'Period'),
(21, 'Political'),
(22, 'Science Fiction'),
(28, 'Short'),
(23, 'Soap Opera'),
(24, 'Talk Show'),
(25, 'Thriller'),
(26, 'TV Movie'),
(27, 'War');

-- --------------------------------------------------------

--
-- Table structure for table `languages`
--

CREATE TABLE `languages` (
  `id` int(11) NOT NULL,
  `name` varchar(50) NOT NULL
) ENGINE=InnoDB DEFAULT CHARSET=utf8mb4 COLLATE=utf8mb4_general_ci;

--
-- Dumping data for table `languages`
--

INSERT INTO `languages` (`id`, `name`) VALUES
(11, 'Azerbaijani'),
(10, 'Chinese'),
(1, 'English'),
(5, 'French'),
(6, 'German'),
(8, 'Italian'),
(2, 'Japanese'),
(4, 'Korean'),
(3, 'Mandarin'),
(7, 'Spanish'),
(9, 'Thai');

-- --------------------------------------------------------

--
-- Table structure for table `movies`
--

CREATE TABLE `movies` (
  `id` int(11) NOT NULL,
  `title` varchar(255) NOT NULL,
  `description` text DEFAULT NULL,
  `release_year` year(4) DEFAULT NULL,
  `poster_url` varchar(255) DEFAULT NULL,
  `background_url` varchar(255) DEFAULT NULL,
  `trailer_url` varchar(255) DEFAULT NULL,
  `country_id` int(11) DEFAULT NULL,
  `language_id` int(11) DEFAULT NULL
) ENGINE=InnoDB DEFAULT CHARSET=utf8mb4 COLLATE=utf8mb4_general_ci;

--
-- Dumping data for table `movies`
--

INSERT INTO `movies` (`id`, `title`, `description`, `release_year`, `poster_url`, `background_url`, `trailer_url`, `country_id`, `language_id`) VALUES
(1, 'Superman', 'The iconic Man of Steel returns in this modern take on the legendary superhero. Clark Kent embraces his destiny as Earth\'s greatest protector while navigating his dual identity. A story of hope, heroism, and the power of believing in something greater than yourself.', '2025', 'uploads/posters/superman_2025.jpg', 'uploads/backgrounds/superman_2025.jpg', 'https://youtu.be/Z9Z6Jv1xQT8', 1, 1),
(2, 'Mission: Impossible – The Final Reckoning', 'Ethan Hunt faces his most dangerous mission yet as the IMF confronts a shadowy network threatening global security. With everything he holds dear at stake, Hunt must make the ultimate sacrifice. The pulse-pounding action franchise reaches its explosive climax.', '2025', 'uploads/posters/mission_impossible_2025.jpg', 'uploads/backgrounds/mission_impossible_2025.jpg', 'https://www.youtube.com/watch?v=fsQgc9pCyDU', 1, 1),
(3, 'Jurassic World Rebirth', 'Five years after the events of Dominion, a new expedition to a mysterious island reveals dinosaurs living in perfect ecological balance. When corporate interests threaten this natural sanctuary, a team of scientists must protect these magnificent creatures. The franchise evolves with stunning new prehistoric adventures.', '2025', 'uploads/posters/jurassic_world_2025.jpg', 'uploads/backgrounds/jurassic_world_2025.jpg', 'https://youtu.be/jan5CFWs9ic', 1, 1),
(4, 'Demon Slayer: Infinity Castle', 'Tanjiro and his companions enter the treacherous Infinity Castle for the final battle against Muzan and his most powerful demons. Ancient secrets are revealed as the Demon Slayer Corps faces their greatest challenge. The epic conclusion to the beloved anime saga brings breathtaking animation and emotional depth.', '2025', 'uploads/posters/demon_slayer_2025.jpg', 'uploads/backgrounds/demon_slayer_2025.jpg', 'https://youtu.be/seX6WMONCkU', 3, 2),
(5, 'Hostile Takeover', 'When a rogue militia seizes control of a secret government facility, one man must rise to stop the chaos before it spirals into full-scale war. A high-stakes thriller featuring intense combat sequences and political intrigue. The fate of the nation hangs in the balance.', '2025', 'uploads/posters/hostile_takeover_2025.jpg', 'uploads/backgrounds/hostile_takeover_2025.jpg', 'https://youtu.be/zie6QBbTK5s', 1, 1),
(6, 'Osiris', 'A team of Special Forces commandos are abducted by a mysterious spacecraft during a routine operation. When they wake up aboard the alien ship, they discover they are being hunted by a merciless extraterrestrial race. A sci-fi thriller that combines military action with cosmic horror.', '2025', 'uploads/posters/osiris_2025.jpg', 'uploads/backgrounds/osiris_2025.jpg', 'https://youtu.be/NX8xhgrMvdc', 1, 1),
(7, 'Striking Rescue', 'After his wife and daughter are killed by assassins affiliated with a brutal organized crime syndicate, a Muay Thai fighter goes on a furious rampage through the city. His quest for vengeance leads him through Bangkok\'s criminal underworld. A martial arts thriller showcasing authentic Thai fighting techniques.', '2024', 'uploads/posters/striking_rescue_2024.jpg', 'uploads/backgrounds/striking_rescue_2024.jpg', 'https://youtu.be/uXfzJb-IUrk', 12, 9),
(8, 'War of the Worlds', 'A modern re-imagining of H.G. Wells\' classic novel, where humanity fights for survival against a devastating alien invasion. Advanced extraterrestrial technology threatens to wipe out civilization as we know it. A gripping tale of human resilience in the face of overwhelming odds.', '2025', 'uploads/posters/war_of_the_worlds_2025.jpg', 'uploads/backgrounds/war_of_the_worlds_2025.jpg', 'https://youtu.be/d9erkpdh5o0', 1, 1),
(9, 'How to Train Your Dragon', 'A live-action adaptation of the beloved animated film follows a timid Viking teen who must befriend a dragon to save his village from a dark threat. The bond between human and dragon becomes the key to survival. An epic adventure that brings the magical world to life with stunning visuals.', '2025', 'uploads/posters/how_to_train_your_dragon_2025.jpg', 'uploads/backgrounds/how_to_train_your_dragon_2025.jpg', 'https://youtu.be/5lzoxHSn0C0', 1, 1),
(10, 'William Tell', 'In 14th Century Switzerland, a once peaceful hunter leads his people to rebellion after his family and country are threatened by a tyrannical Austrian King. Based on the legendary folk hero, this historical drama showcases the birth of Swiss independence. A tale of courage, family, and the fight for freedom.', '2025', 'uploads/posters/william_tell_2025.jpg', 'uploads/backgrounds/william_tell_2025.jpg', 'https://youtu.be/S5lR6dRFh6o', 2, 1),
(11, 'The Bad Guys 2', 'The reformed villains, now \"good guys,\" face their most audacious heist yet when they are called to stop a new, villainous crew from stealing a powerful artifact. Comedy and action blend as the team proves that sometimes it takes bad guys to catch worse guys. The beloved animated characters return for more mischievous fun.', '2025', 'uploads/posters/the_bad_guys_2_2025.jpg', 'uploads/backgrounds/the_bad_guys_2_2025.jpg', 'https://youtu.be/TY1lWh20VSw', 1, 1),
(12, 'K-pop: Demon Hunters', 'When K-pop superstars Rumi, Mira, and Zoey aren\'t selling out stadiums, they\'re using their secret identities as demon hunters to protect their fans from supernatural danger. This animated adventure combines catchy music with supernatural action. A unique blend of pop culture and paranormal thrills.', '2025', 'uploads/posters/kpop_demon_hunters_2025.jpg', 'uploads/backgrounds/kpop_demon_hunters_2025.jpg', 'https://youtu.be/AzCAwdp1uIQ', 1, 1),
(13, 'Elio', 'A young boy accidentally finds himself transported across the galaxy and mistaken for the Intergalactic Ambassador for planet Earth. His cosmic adventure teaches him about friendship, responsibility, and finding his place in the universe. Pixar\'s latest animated feature explores themes of identity and belonging.', '2025', 'uploads/posters/elio_2025.jpg', 'uploads/backgrounds/elio_2025.jpg', 'https://youtu.be/2w_K3CB8PuE', 1, 1),
(14, 'Inside Out 2', 'Riley is now a teenager and her emotions—Joy, Sadness, Anger, Fear, and Disgust—are joined by new emotions including Anxiety, Envy, Ennui, and Embarrassment. As Riley navigates the complexities of adolescence, her emotional headquarters becomes more chaotic than ever. A heartwarming exploration of growing up and emotional intelligence.', '2024', 'uploads/posters/inside_out_2_2024.jpg', 'uploads/backgrounds/inside_out_2_2024.jpg', 'https://youtu.be/VWavstJydZU', 1, 1),
(15, 'Ne Zha 2', 'The direct sequel to the 2019 animated hit follows the Chinese mythological character Ne Zha as he and his friend Ao Bing face new celestial challenges. Ancient powers clash in spectacular battles that will determine the fate of both the mortal and divine realms. Stunning animation brings Chinese mythology to vivid life.', '2025', 'uploads/posters/ne_zha_2_2025.jpg', 'uploads/backgrounds/ne_zha_2_2025.jpg', 'https://youtu.be/nsXQijb0F4I', 4, 3),
(16, 'Moana 2', 'Moana and Maui journey to the far seas of Oceania to find new people and re-establish connection with the ocean\'s forgotten islands. Their adventure takes them beyond the reef to discover ancient secrets and forge new alliances. The beloved Disney princess returns with new songs and oceanic magic.', '2024', 'uploads/posters/moana_2_2024.jpg', 'uploads/backgrounds/moana_2_2024.jpg', 'https://youtu.be/cZSywj-vkxA', 1, 1),
(17, 'Predator: Killer of Killers', 'A new Predator arrives on Earth seeking the ultimate hunt, targeting the world\'s deadliest assassins and warriors. As elite killers become prey, humanity\'s survival depends on unlikely alliances. The iconic alien hunter returns with advanced weaponry and a thirst for the perfect challenge.', '2025', 'uploads/posters/predator_killer_of_killers_2025.jpg', 'uploads/backgrounds/predator_killer_of_killers_2025.jpg', 'https://youtu.be/eWzPKrNoSyM', 1, 1),
(18, 'Mufasa: The Lion King', 'This photorealistic animated prequel explores the rise of the legendary Lion King through his early adventures with his brother Scar. The origin story reveals how Mufasa became the wise ruler of Pride Rock. Barry Jenkins directs this emotional journey through the African savanna.', '2024', 'uploads/posters/mufasa_2024.jpg', 'uploads/backgrounds/mufasa_2024.jpg', 'https://youtu.be/MjQG-a7d41Q', 1, 1),
(19, 'The Green Dinosaur', 'A mysterious prehistoric creature emerges from the depths of the Amazon rainforest, challenging our understanding of evolution and extinction. Scientists race to study this living fossil before corporate interests exploit it. An adventure that blends paleontology with environmental thriller elements.', '2024', 'uploads/posters/the_green_dinosaur_2024.jpg', 'uploads/backgrounds/the_green_dinosaur_2024.jpg', 'https://youtu.be/GHbR9mZqaYQ?si=KezryFZPB_ClHgW6', 1, 1),
(20, 'Night Always Comes', 'In a post-apocalyptic world where darkness has consumed the Earth, a group of survivors must find a way to restore light before humanity is lost forever. Their journey through the perpetual night reveals both the worst and best of human nature. A haunting tale of hope in the face of ultimate despair.', '2025', 'uploads/posters/night_always_comes_2025.jpg', 'uploads/backgrounds/night_always_comes_2025.jpg', 'https://youtu.be/Gd44vTsTUhs', 1, 1),
(21, 'Ballerina', 'Set in the John Wick universe, a young ballerina seeks revenge against the assassins who killed her family. Trained in both dance and deadly combat, she uses her unique skills to navigate the criminal underworld. Ana de Armas stars in this stylish action thriller that combines elegant choreography with brutal violence.', '2025', 'uploads/posters/ballerina_2025.jpg', 'uploads/backgrounds/ballerina_2025.jpg', 'https://youtu.be/C6IaJrMibz4', 1, 1),
(22, 'Rob1n', 'A tech-savvy modern Robin Hood uses advanced hacking skills and high-tech gadgets to steal from corrupt corporations and redistribute wealth to those in need. This cyberpunk thriller updates the classic legend for the digital age. The battle between rich and poor takes place in virtual and physical realms.', '2025', 'uploads/posters/rob1n_2025.jpg', 'uploads/backgrounds/rob1n_2025.jpg', 'https://youtu.be/MRQ_WxCDQf8', 1, 1),
(23, 'Lilo & Stitch', 'A live-action adaptation of the beloved Disney animated film follows a Hawaiian girl who adopts what she believes is a dog, only to discover he\'s an alien genetic experiment. Their bond teaches both about the meaning of ohana—family. The classic story of friendship and belonging gets a fresh cinematic treatment.', '2025', 'uploads/posters/lilo_and_stitch_2025.jpg', 'uploads/backgrounds/lilo_and_stitch_2025.jpg', 'https://youtu.be/1iEE5E3xx8c', 1, 1),
(24, 'Creation of the Gods II', 'The epic conclusion to the fantasy trilogy based on Chinese mythology sees gods and mortals clash in a final battle that will reshape the heavens and earth. Ancient powers are unleashed as heroes make ultimate sacrifices for the fate of all existence. Spectacular visual effects bring mythological warfare to stunning life.', '2025', 'uploads/posters/creation_of_the_gods_2025.jpg', 'uploads/backgrounds/creation_of_the_gods_2025.jpg', 'https://youtu.be/GR1LszelGoU', 4, 10),
(25, 'Murder Company', 'Set during World War II, a group of American soldiers must survive behind enemy lines while carrying out a dangerous reconnaissance mission in Nazi-occupied Europe. Based on true events, this war drama showcases the heroism and sacrifice of ordinary soldiers. The brotherhood forged in combat becomes their greatest weapon.', '2024', 'uploads/posters/murder_company_2024.jpg', 'uploads/backgrounds/murder_company_2024.jpg', 'https://youtu.be/NKIAEVuLETI', 1, 1),
(26, 'M3GAN 2.0', 'The deadly AI doll returns with upgraded programming and enhanced capabilities, terrorizing a new family while evading authorities. This sequel explores the dangers of advanced artificial intelligence and humanity\'s relationship with technology. Horror and dark comedy blend as M3GAN evolves beyond her creators\' control.', '2025', 'uploads/posters/m3gan_2.0_2025.jpg', 'uploads/backgrounds/m3gan_2.0_2025.jpg', 'https://youtu.be/DTAYuj8K7YE', 1, 1),
(27, 'My Oxford Year', 'A young American student studying at Oxford University discovers love, friendship, and her true calling while navigating the prestigious academic environment. Based on the novel, this romantic drama explores personal growth and cultural differences. The historic university setting provides a backdrop for self-discovery.', '2025', 'uploads/posters/my_oxford_year_2025.jpg', 'uploads/backgrounds/my_oxford_year_2025.jpg', 'https://www.youtube.com/watch?v=example', 2, 1),
(28, 'Popeye\'s Revenge', 'The iconic sailor man returns in a gritty revenge thriller where Popeye seeks justice for Olive Oyl\'s murder, taking on a criminal organization that controls his hometown. This darker take on the classic character combines action with noir elements. Spinach-fueled vengeance meets modern crime drama.', '2025', 'uploads/posters/popeyes_revenge_2025.jpg', 'uploads/backgrounds/popeyes_revenge_2025.jpg', 'https://youtu.be/kZR31mbwYP8', 1, 1),
(29, 'Shadow of God', 'A theological thriller following a priest who discovers a conspiracy within the Vatican that threatens to shake the foundations of faith itself. Ancient secrets and modern corruption collide as he fights to expose the truth. This gripping drama explores the intersection of spirituality and power.', '2025', 'uploads/posters/shadow_of_god_2025.jpg', 'uploads/backgrounds/shadow_of_god_2025.jpg', 'https://youtu.be/-DCVuwGUtcY', 1, 1),
(30, 'Karate Kid: Legends', 'The next generation of karate students learns from both Mr. Miyagi\'s teachings and new masters, bridging Eastern and Western martial arts philosophies. This continuation of the beloved franchise explores tradition versus innovation in martial arts. Jackie Chan and Ralph Macchio unite to train a new champion.', '2025', 'uploads/posters/karate_kid_legends_2025.jpg', 'uploads/backgrounds/karate_kid_legends_2025.jpg', 'https://youtu.be/1MR1HPas-VA', 1, 1),
(31, 'Shaman', 'A young indigenous shaman must use ancient spiritual powers to protect his community from supernatural threats that emerge when sacred lands are desecrated. This mystical thriller blends indigenous folklore with modern horror elements. The battle between ancient wisdom and contemporary ignorance takes center stage.', '2025', 'uploads/posters/shaman_2025.jpg', 'uploads/backgrounds/shaman_2025.jpg', 'https://youtu.be/hQITvMvJW1M', 1, 1),
(32, '28 Years Later', 'Nearly three decades after the rage virus first spread, a new generation faces evolved infected creatures in post-apocalyptic Britain. The survivors have built fortified communities, but the virus has adapted in terrifying ways. Danny Boyle returns to direct this chilling continuation of the zombie apocalypse saga.', '2025', 'uploads/posters/28_years_later_2025.jpg', 'uploads/backgrounds/28_years_later_2025.jpg', 'https://www.youtube.com/watch?v=mcvLKldPM08', 2, 1),
(33, 'Final Destination: Bloodlines', 'Death\'s design returns with a new group of survivors who cheat fate, only to face increasingly elaborate and deadly accidents. This latest installment in the horror franchise features innovative death sequences and explores how premonitions of doom can drive people to madness. No one can escape death\'s final plan.', '2025', 'uploads/posters/final_destination_bloodlines_2025.jpg', 'uploads/backgrounds/final_destination_bloodlines_2025.jpg', 'https://www.youtube.com/watch?v=UWMzKXsY9A4', 1, 1),
(34, 'Site', 'When a construction crew uncovers an ancient burial ground, they unleash supernatural forces that terrorize the local community. This horror thriller explores the consequences of disturbing sacred spaces and the power of ancestral spirits. Modern development clashes with ancient curses in this chilling tale.', '2025', 'uploads/posters/site_2025.jpg', 'uploads/backgrounds/site_2025.jpg', 'https://youtu.be/gvtcNsE6oZk', 1, 1),
(35, 'Happy Gilmore 2', 'The unconventional golfer returns to the professional circuit to save his grandmother\'s retirement home from foreclosure. Facing new challenges and younger competitors, Happy must prove he still has what it takes. Adam Sandler reprises his iconic role in this long-awaited sports comedy sequel.', '2025', 'uploads/posters/happy_gilmore_2_2025.jpg', 'uploads/backgrounds/happy_gilmore_2_2025.jpg', 'https://youtu.be/6d6WBtDse_Y', 1, 1),
(36, 'Bride Hard', 'A bride-to-be must use her military training to save her wedding guests when terrorists take over the venue on her special day. This action-comedy combines Die Hard-style thrills with wedding chaos. The phrase \"till death do us part\" takes on new meaning in this high-octane adventure.', '2025', 'uploads/posters/bride_hard_2025.jpg', 'uploads/backgrounds/bride_hard_2025.jpg', 'https://youtu.be/q0v62aE6YRs', 1, 1),
(37, 'Screamboat', 'A horror parody that puts Mickey Mouse in a slasher film setting, where the beloved cartoon character becomes a terrifying killer aboard a steamboat. This dark comedy horror explores what happens when childhood icons turn sinister. Animation meets live-action in this twisted take on Disney\'s legacy.', '2025', 'uploads/posters/screamboat_2025.jpg', 'uploads/backgrounds/screamboat_2025.jpg', 'https://youtu.be/PXGy5E-8a7Q', 1, 1),
(38, 'Thunderbolts', 'A team of reformed villains from the Marvel Cinematic Universe comes together as unlikely heroes to face a threat too dangerous for traditional superheroes. Led by characters like Bucky Barnes and John Walker, they must prove that redemption is possible. This anti-hero ensemble explores themes of second chances and moral ambiguity.', '2025', 'uploads/posters/thunderbolts_2025.jpg', 'uploads/backgrounds/thunderbolts_2025.jpg', 'https://youtu.be/-sAOWhvheK8', 1, 1),
(39, 'Nobody 2', 'Hutch Mansell\'s quiet suburban life is disrupted again when his past catches up with him, forcing the former assassin back into action to protect his family. Bob Odenkirk returns as the unlikely action hero in this sequel that promises even more intense violence and dark humor. Sometimes being nobody makes you everyone\'s target.', '2025', 'uploads/posters/nobody_2_2025.jpg', 'uploads/backgrounds/nobody_2_2025.jpg', 'https://youtu.be/-5X2pt95cIo', 1, 1),
(40, 'Freakier Friday', 'The body-swapping comedy returns with a new generation as a mother and daughter switch places once again, but this time the magic affects the entire family. Jamie Lee Curtis and Lindsay Lohan reprise their roles in this sequel that explores how family dynamics have changed. The chaos multiplies when more family members get caught in the spell.', '2025', 'uploads/posters/freakier_friday_2025.jpg', 'uploads/backgrounds/freakier_friday_2025.jpg', 'https://www.youtube.com/watch?v=pHvMhKFBn54', 1, 1),
(41, 'Bring Her Back', 'A father embarks on a desperate journey through parallel dimensions to rescue his daughter who was taken by interdimensional beings. This sci-fi thriller explores the lengths a parent will go to save their child. Reality bends and breaks as he navigates increasingly dangerous alternate worlds.', '2025', 'uploads/posters/bring_her_back_2025.jpg', 'uploads/backgrounds/bring_her_back_2025.jpg', 'https://youtu.be/RsKygtA2DMY', 1, 1),
(42, 'A Minecraft Movie', 'Four misfits are sucked into the blocky world of Minecraft, where they must master the game\'s rules to survive and return home. This live-action/animated adaptation brings the popular video game to the big screen with stunning visuals. Creativity and teamwork become essential tools for survival in the cubic universe.', '2025', 'uploads/posters/a_minecraft_movie_2025.jpg', 'uploads/backgrounds/a_minecraft_movie_2025.jpg', 'https://www.youtube.com/watch?v=example2', 1, 1),
(43, 'F1', 'An aging Formula 1 driver makes a comeback to mentor a rising young talent while competing in the sport\'s most challenging season. Brad Pitt stars in this high-octane drama that captures the speed, danger, and politics of professional racing. The film explores themes of legacy, mentorship, and the pursuit of perfection.', '2025', 'uploads/posters/f1_2025.jpg', 'uploads/backgrounds/f1_2025.jpg', 'https://youtu.be/TZGY2CWPXeU', 1, 1),
(44, 'A Working Man', 'A blue-collar worker fights to protect his community from corporate exploitation while struggling to provide for his family. This drama explores class conflict and the dignity of honest labor in modern America. Jason Statham delivers a grounded performance in this socially conscious thriller.', '2025', 'uploads/posters/a_working_man_2025.jpg', 'uploads/backgrounds/a_working_man_2025.jpg', 'https://youtu.be/zTbgNC42Ops', 1, 1),
(45, 'The Ritual', 'A group of friends hiking in the remote Swedish wilderness encounters an ancient evil that preys on their deepest fears and guilt. This supernatural horror film explores how trauma and guilt can manifest as literal monsters. The forest becomes a living nightmare that tests the bonds of friendship.', '2025', 'uploads/posters/the_ritual_2025.jpg', 'uploads/backgrounds/the_ritual_2025.jpg', 'https://www.youtube.com/watch?v=XOTGjxMb2Jo', 2, 1),
(46, 'Fixed', 'A professional boxer discovers that his biggest fights were rigged, leading him on a quest for redemption and justice in the corrupt world of professional boxing. This sports thriller exposes the dark underbelly of organized fighting. The fighter must battle both opponents in the ring and corruption outside it.', '2025', 'uploads/posters/fixed_2025.jpg', 'uploads/backgrounds/fixed_2025.jpg', 'https://youtu.be/Gucw6ZNYPIA', 1, 1),
(47, 'My Fault', 'A teenage romance drama about step-siblings who develop forbidden feelings for each other when their parents marry. This Spanish film explores the complexities of blended families and young love. Based on the popular novel, it tackles taboo relationships with emotional depth and stunning cinematography.', '2023', 'uploads/posters/my_fault_2023.jpg', 'uploads/backgrounds/my_fault_2023.jpg', 'https://www.youtube.com/watch?v=PaB7cGBuCP0', 10, 7),
(48, 'The Amateur', 'A CIA cryptographer seeks revenge for his wife\'s murder by learning to become an assassin and infiltrating the terrorist organization responsible. Rami Malek stars in this espionage thriller that explores how grief can transform an ordinary person into a deadly weapon. Intelligence meets vengeance in the shadows of international conflict.', '2025', 'uploads/posters/the_amateur_2025.jpg', 'uploads/backgrounds/the_amateur_2025.jpg', 'https://youtu.be/DCWcK4c-F8Q', 1, 1),
(49, 'Dangerous Animals', 'When exotic animals escape from a private zoo during a hurricane, a small town must survive as deadly predators roam the streets. This creature feature combines natural disaster with animal attack horror. Survival becomes a game of outsmarting nature\'s most efficient killers.', '2025', 'uploads/posters/dangerous_animals_2025.jpg', 'uploads/backgrounds/dangerous_animals_2025.jpg', 'https://youtu.be/lA7Jm6GdLOU', 1, 1),
(50, 'Together', 'A romantic drama following two people who find love during a global crisis that forces humanity to work together for survival. Their relationship becomes a symbol of hope and resilience in dark times. This intimate story explores how love can flourish even in the most challenging circumstances.', '2025', 'uploads/posters/together_2025.jpg', 'uploads/backgrounds/together_2025.jpg', 'https://www.youtube.com/watch?v=aSR8mOPBa0I', 1, 1),
(51, 'Deadpool & Wolverine', 'The Merc with a Mouth teams up with the adamantium-clawed mutant in this irreverent superhero adventure that breaks the fourth wall and every rule in the book. Ryan Reynolds and Hugh Jackman reunite for a wildly entertaining ride through the multiverse. Profanity, violence, and humor combine in this R-rated Marvel spectacle.', '2024', 'uploads/posters/deadpool_and_wolverine_2024.jpg', 'uploads/backgrounds/deadpool_and_wolverine_2024.jpg', 'https://www.youtube.com/watch?v=73_1biulkYk', 1, 1),
(52, 'The Accountant 2', 'The autistic mathematics savant with lethal skills returns to balance the books for another dangerous client while evading both criminals and federal agents. Ben Affleck reprises his role as Christian Wolff in this action thriller sequel. Numbers don\'t lie, but everyone else does.', '2025', 'uploads/posters/the_accountant_2_2025.jpg', 'uploads/backgrounds/the_accountant_2_2025.jpg', 'https://youtu.be/3wRCOqyDI6E', 1, 1),
(53, 'The Gorge', 'Two elite snipers are stationed in guard towers on opposite sides of a mysterious gorge, tasked with eliminating anything that tries to escape. When they discover the true nature of what they\'re guarding, their loyalty is tested. This thriller explores duty, friendship, and the cost of following orders.', '2025', 'uploads/posters/the_gorge_2025.jpg', 'uploads/backgrounds/the_gorge_2025.jpg', 'https://youtu.be/rUSdnuOLebE', 1, 1),
(54, 'Companion', 'A young woman discovers her perfect boyfriend is actually an advanced AI companion designed to be the ideal partner. This sci-fi romance explores artificial intelligence, authentic relationships, and what it means to truly connect with someone. Technology and emotion collide in unexpected ways.', '2025', 'uploads/posters/companion_2025.jpg', 'uploads/backgrounds/companion_2025.jpg', 'https://youtu.be/PhcLjiVtgco', 1, 1),
(55, 'The Avengers', 'Earth\'s Mightiest Heroes assemble for the first time to stop Loki and his alien army from conquering the world. Iron Man, Captain America, Thor, Hulk, Black Widow, and Hawkeye must overcome their differences to work as a team. This superhero epic redefined the modern blockbuster and launched the Marvel Cinematic Universe.', '2012', 'uploads/posters/the_avengers_2012.jpg', 'uploads/backgrounds/the_avengers_2012.jpg', 'https://youtu.be/eOrNdBpGMv8', 1, 1),
(56, 'Tim', 'A biographical drama about the early life and career of Avicii (Tim Bergling), the Swedish DJ and producer who became one of the most influential electronic music artists before his tragic death. The film explores his rise to fame, struggles with mental health, and lasting impact on music. A poignant tribute to a talented artist taken too soon.', '2023', 'uploads/posters/tim_2023.jpg', 'uploads/backgrounds/tim_2023.jpg', 'https://youtu.be/X61ztmpSdGQ', 1, 1),
(57, 'Parasite', 'A poor family schemes to infiltrate the lives of a wealthy household by posing as skilled professionals, leading to unexpected consequences. This darkly comic thriller exposes class inequality in modern South Korea with razor-sharp social commentary. Bong Joon-ho\'s masterpiece won the Academy Award for Best Picture.', '2019', 'uploads/posters/parasite_2019.jpg', 'uploads/backgrounds/parasite_2019.jpg', 'https://youtu.be/CEIwFAQ-Rec', 5, 4),
(58, 'The Ugly Stepsister', 'A modern retelling of Cinderella from the perspective of one of the stepsisters, who discovers she has her own magical destiny to fulfill. This fantasy musical explores themes of self-acceptance and finding your own path. The classic fairy tale gets a fresh perspective with heart and humor.', '2025', 'uploads/posters/the_ugly_stepsister_2025.jpg', 'uploads/backgrounds/the_ugly_stepsister_2025.jpg', 'https://youtu.be/5vZ1_Yxjwzs', 1, 1),
(59, 'Snow White', 'A live-action adaptation of the classic Disney fairy tale featuring Rachel Zegler as the fairest of them all and Gal Gadot as the Evil Queen. This musical reimagining brings new songs and modern sensibilities to the timeless story. Magic mirrors, poisoned apples, and seven dwarfs return with spectacular visuals.', '2025', 'uploads/posters/snow_white_2025.jpg', 'uploads/backgrounds/snow_white_2025.jpg', 'https://youtu.be/TbiPcMCz0Ek', 1, 1),
(60, 'Game On', 'A competitive esports drama following young gamers as they fight for a championship that could change their lives forever. The film explores the dedication, sacrifice, and teamwork required to succeed in professional gaming. Virtual battles become very real as careers and friendships are put on the line.', '2024', 'uploads/posters/game_on_2024.jpg', 'uploads/backgrounds/game_on_2024.jpg', 'https://www.youtube.com/watch?v=lEz6fKCjL18', 1, 1),
(61, 'Kayara', 'Set in a mystical African kingdom, a young warrior princess must unite the tribes to defend against an ancient evil that threatens to destroy everything she loves. This epic fantasy celebrates African culture and mythology with stunning visuals and powerful storytelling. Magic and tradition collide in this heroic adventure.', '2025', 'uploads/posters/kayara_2025.jpg', 'uploads/backgrounds/kayara_2025.jpg', 'https://youtu.be/i_wI-56g7aI', 1, 1),
(62, 'The Substance', 'A fading celebrity uses a black market drug that creates a younger, more beautiful version of herself, but the side effects prove to be horrifically dangerous. This body horror thriller explores society\'s obsession with youth and beauty. Demi Moore delivers a fearless performance in this disturbing cautionary tale.', '2024', 'uploads/posters/the_substance_2024.jpg', 'uploads/backgrounds/the_substance_2024.jpg', 'https://www.youtube.com/watch?v=LNlrGhBpYjc', 1, 1),
(63, 'The Wild Robot', 'When robot Roz awakens on a remote island, she must adapt to her new environment and accidentally becomes the adoptive parent of an orphaned gosling. This animated adventure explores themes of nature, technology, and what it means to be alive. DreamWorks brings Peter Brown\'s beloved novel to stunning animated life.', '2024', 'uploads/posters/the_wild_robot_2024.jpg', 'uploads/backgrounds/the_wild_robot_2024.jpg', 'https://youtu.be/67vbA5ZJdKQ', 1, 1),
(64, 'Nobody', 'A suburban dad\'s mundane life is turned upside down when he intervenes in a home invasion, revealing his deadly past as a government assassin. Bob Odenkirk transforms into an unlikely action hero in this violent thriller that proves appearances can be deceiving. Sometimes the most dangerous people are hiding in plain sight.', '2021', 'uploads/posters/nobody_2021.jpg', 'uploads/backgrounds/nobody_2021.jpg', 'https://youtu.be/wZti8QKBWPo', 1, 1),
(65, 'Warfare', 'An intense military thriller following a squad of soldiers during a brutal combat mission that tests their training, loyalty, and humanity. The film provides an unflinching look at modern warfare and its psychological toll on those who serve. Brotherhood and survival become the only things that matter in the chaos of battle.', '2025', 'uploads/posters/warfare_2025.jpg', 'uploads/backgrounds/warfare_2025.jpg', 'https://youtu.be/JER0Fkyy3tw', 1, 1),
(66, 'Twisters', 'A new generation of storm chasers faces increasingly powerful tornadoes armed with cutting-edge technology and personal vendettas. This sequel to the 1996 classic brings updated visual effects and scientific accuracy to the thrill of chasing nature\'s most destructive force. Mother Nature has never been more terrifying.', '2024', 'uploads/posters/the_twisters_2024.jpg', 'uploads/backgrounds/the_twisters_2024.jpg', 'https://youtu.be/21_IhP-P9cU', 1, 1),
(67, 'Portals', 'When mysterious portals begin appearing around the world, humanity must confront the reality that we are not alone in the universe. This sci-fi thriller explores first contact and the chaos that ensues when alien technology disrupts human civilization. The portals offer both opportunity and existential threat.', '2019', 'uploads/posters/portals_2019.jpg', 'uploads/backgrounds/portals_2019.jpg', 'https://youtu.be/_HKL8pGBigI', 1, 1),
(68, 'The Conjuring', 'Paranormal investigators Ed and Lorraine Warren work to help a family terrorized by a dark presence in their farmhouse. This supernatural horror film launched a successful franchise with its expertly crafted scares and compelling characters. Based on true events, it proves that sometimes the most frightening stories are real.', '2013', 'uploads/posters/the_conjuring_2013.jpg', 'uploads/backgrounds/the_conjuring_2013.jpg', 'https://youtu.be/Gb-jRz7HWqs', 1, 1),
(69, 'Titanic', 'The epic romance between Jack and Rose aboard the doomed ocean liner Titanic becomes a tale of love, loss, and human tragedy. James Cameron\'s masterpiece combines historical drama with stunning visual effects and an unforgettable love story. The ship may sink, but the film\'s impact on cinema history remains unsinkable.', '1997', 'uploads/posters/titanic_1997.jpg', 'uploads/backgrounds/titanic_1997.jpg', 'https://www.youtube.com/watch?v=CHekzSiZjrY', 1, 1),
(70, 'Avatar', 'A paraplegic marine is sent to the alien moon Pandora where he becomes torn between following orders and protecting the indigenous Na\'vi people. James Cameron\'s groundbreaking sci-fi epic revolutionized 3D filmmaking and environmental storytelling. The battle for Pandora becomes a metaphor for humanity\'s relationship with nature.', '2009', 'uploads/posters/avatar_2009.jpg', 'uploads/backgrounds/avatar_2009.jpg', 'https://youtu.be/5PSNL1qE6VY', 1, 1),
(71, 'Flow', 'A wordless animated film following a cat who must survive in a world suddenly flooded with water, finding unlikely companions along the way. This Latvian production uses stunning hand-drawn animation to tell a story about resilience, cooperation, and environmental change. The absence of dialogue makes the visual storytelling even more powerful.', '2024', 'uploads/posters/flow_2024.jpg', 'uploads/backgrounds/flow_2024.jpg', 'https://www.youtube.com/watch?v=82WW9dVbglI', 14, 1),
(72, 'Death of a Unicorn', 'A dark comedy about a wealthy family whose world is turned upside down when they accidentally kill a unicorn, leading to a series of increasingly bizarre and supernatural consequences. This surreal film blends fantasy elements with biting social satire. Magic meets mortality in the most unexpected ways.', '2025', 'uploads/posters/death_of_a_unicorn_2025.jpg', 'uploads/backgrounds/death_of_a_unicorn_2025.jpg', 'https://youtu.be/9cMIarrxLGs', 1, 1),
(73, 'Anora', 'A young Brooklyn sex worker marries the son of a Russian oligarch, but when his parents try to annul the union, she fights for her new life. This dramedy explores class differences, immigration, and the pursuit of the American Dream. Mikey Madison delivers a powerhouse performance in this Palme d\'Or winner.', '2024', 'uploads/posters/anora_2024.jpg', 'uploads/backgrounds/anora_2024.jpg', 'https://youtu.be/vgrXTvL_l_c', 1, 1),
(74, 'Zootopia', 'In a world where predators and prey live together in harmony, a bunny cop teams up with a con artist fox to solve a conspiracy that threatens their society. This animated Disney film uses anthropomorphic animals to explore themes of prejudice, stereotypes, and social justice. The buddy cop formula gets a fresh, meaningful twist.', '2016', 'uploads/posters/zootopia_2016.jpg', 'uploads/backgrounds/zootopia_2016.jpg', 'https://youtu.be/g9lmhBYB11U', 1, 1),
(75, 'Wonder Woman', 'Diana Prince discovers her full powers and true destiny when she leaves her island home to help end World War I. Gal Gadot embodies the iconic DC superhero in this empowering origin story that combines mythological elements with historical warfare. The Amazon princess becomes a symbol of hope and justice.', '2017', 'uploads/posters/wonder_woman_2017.jpg', 'uploads/backgrounds/wonder_woman_2017.jpg', 'https://www.youtube.com/watch?v=1Q8fG0TtVAY', 1, 1),
(76, 'Oppenheimer', 'The story of J. Robert Oppenheimer, the physicist who led the development of the atomic bomb during World War II and later grappled with the moral implications of his creation. Christopher Nolan\'s biographical drama explores the intersection of science, politics, and personal responsibility. Cillian Murphy delivers a haunting performance as the father of the atomic age.', '2023', 'uploads/posters/oppenheimer_2023.jpg', 'uploads/backgrounds/oppenheimer_2023.jpg', 'https://youtu.be/bK6ldnjE3Y0', 1, 1),
(77, 'SuperKlaus', 'A superhero parody featuring a Christmas-themed hero who must save the holiday season from villains trying to destroy Christmas spirit forever. This animated comedy combines superhero action with holiday magic and humor. Santa\'s workshop meets the Justice League in this festive adventure.', '2024', 'uploads/posters/superklaus_2024.jpg', 'uploads/backgrounds/superklaus_2024.jpg', 'https://youtu.be/tytCmrlEQCg', 1, 1),
(78, 'The Chronicles of Narnia: The Lion, the Witch and the Wardrobe', 'Four siblings discover a magical world beyond a wardrobe door, where they must help the lion Aslan defeat the evil White Witch. This fantasy adventure brings C.S. Lewis\'s beloved novel to life with stunning visual effects and timeless themes. The battle between good and evil plays out in the enchanted land of Narnia.', '2005', 'uploads/posters/the_chronicles_of_narnia_the_lion_the_with_and_the_wardrobe_2005.jpg', 'uploads/backgrounds/the_chronicles_of_narnia_the_lion_the_with_and_the_wardrobe_2005.jpg', 'https://youtu.be/ruGHxmjQ180', 1, 1),
(79, 'Presence', 'A supernatural thriller told from the perspective of a malevolent presence haunting a family\'s new home, creating an innovative and terrifying viewing experience. Director Steven Soderbergh crafts a unique horror film that challenges traditional narrative perspectives. The house itself becomes a character with deadly intentions.', '2025', 'uploads/posters/presence_2025.jpg', 'uploads/backgrounds/presence_2025.jpg', 'https://youtu.be/9xkVxO-YibU', 1, 1),
(80, 'Harry Potter and the Chamber of Secrets', 'Harry\'s second year at Hogwarts brings new dangers as students are mysteriously petrified and dark messages appear on the walls. The young wizard must uncover the secret of the Chamber of Secrets before more lives are lost. This sequel deepens the magical world while introducing darker themes and more complex mysteries.', '2002', 'uploads/posters/harry_potter_and_the_chamber_of_secrets_2002.jpg', 'uploads/backgrounds/harry_potter_and_the_chamber_of_secrets_2002.jpg', 'https://www.youtube.com/watch?v=1bq0qff4iF8', 2, 1),
(81, 'Until Dawn', 'A group of friends returns to a remote mountain lodge one year after a tragic accident, only to find themselves stalked by a mysterious killer. Based on the popular video game, this horror thriller combines slasher elements with supernatural twists. Every choice has consequences in this deadly game of survival.', '2025', 'uploads/posters/until_dawn_2025.jpg', 'uploads/backgrounds/until_dawn_2025.jpg', 'https://youtu.be/K7mf5T1YYOA', 1, 1),
(82, 'In the Lost Lands', 'A warrior queen ventures into a dangerous realm to seek the Gray Walker, a powerful sorcerer who may be able to help her save her kingdom. This fantasy adventure is based on George R.R. Martin\'s short story, bringing dark magic and political intrigue to the screen. Milla Jovovich stars in this sword and sorcery epic.', '2025', 'uploads/posters/in_the_lost_lands_2025.jpg', 'uploads/backgrounds/in_the_lost_lands_2025.jpg', 'https://youtu.be/CMyrp5Vk3mU', 1, 1),
(83, 'Spider-Man', 'Peter Parker gains spider powers after being bitten by a radioactive spider and must learn to use his abilities to protect New York City from the villainous Green Goblin. Tobey Maguire swings into action as the beloved web-slinger in this superhero origin story. With great power comes great responsibility in this comic book adaptation.', '2002', 'uploads/posters/spider_man_2002.jpg', 'uploads/backgrounds/spider_man_2002.jpg', 'https://www.youtube.com/watch?v=t06RUxPbp_c', 1, 1),
(84, 'Straw', 'A psychological thriller about a woman who becomes obsessed with a mysterious stranger, leading to increasingly dangerous behavior that threatens everyone around her. This taut drama explores the thin line between love and obsession. What starts as innocent attraction becomes a deadly game of manipulation.', '2025', 'uploads/posters/straw_2025.jpg', 'uploads/backgrounds/straw_2025.jpg', 'https://youtu.be/k1vWhii4tkE', 1, 1),
(85, 'Red One', 'When Santa Claus is kidnapped, the North Pole\'s Head of Security must team up with the world\'s most infamous bounty hunter to save Christmas. Dwayne Johnson and Chris Evans star in this action-packed holiday adventure that reimagines Christmas mythology. The fate of Christmas rests in the most unlikely partnership.', '2024', 'uploads/posters/red_one_2024.jpg', 'uploads/backgrounds/red_one_2024.jpg', 'https://youtu.be/U8XH3W0cMss', 1, 1),
(86, 'Alien', 'The crew of a commercial space vessel encounters a deadly extraterrestrial creature that stalks them through the corridors of their ship. Ridley Scott\'s masterpiece redefined science fiction horror with its claustrophobic atmosphere and iconic monster design. In space, no one can hear you scream in this terrifying tale of survival.', '1979', 'uploads/posters/alien_1979.jpg', 'uploads/backgrounds/alien_1979.jpg', 'https://www.youtube.com/watch?v=jQ5lPt9edzQ', 2, 1),
(87, 'Harry Potter and the Goblet of Fire', 'Harry\'s fourth year at Hogwarts becomes deadly when he\'s mysteriously entered into the dangerous Triwizard Tournament against older, more experienced wizards. Dark forces are at work as Lord Voldemort begins his return to power. This installment marks a darker turn for the beloved series.', '2005', 'uploads/posters/harry_potter_and_the_goblet_of_fire_2005.jpg', 'uploads/backgrounds/harry_potter_and_the_goblet_of_fire_2005.jpg', 'https://www.youtube.com/watch?v=3EGojp4Hh6I', 2, 1),
(88, 'Control Room', 'A tense thriller set in a traffic control center where an operator must prevent a catastrophic collision while dealing with system failures and external threats. This real-time disaster film showcases the high-pressure world of transportation management. Split-second decisions determine life and death in this claustrophobic thriller.', '2025', 'uploads/posters/control_room_2025.jpg', 'uploads/backgrounds/control_room_2025.jpg', 'https://www.youtube.com/watch?v=09yd6iAn160', 1, 1),
(89, 'The Monkey', 'Based on Stephen King\'s short story, this horror film follows a toy monkey that brings death to anyone who hears its cymbal claps. A family must confront their dark past when the cursed toy resurfaces after years of being hidden. Childhood fears become deadly reality in this supernatural thriller.', '2025', 'uploads/posters/the_monkey_2025.jpg', 'uploads/backgrounds/the_monkey_2025.jpg', 'https://youtu.be/8pGDA9To3AA', 1, 1),
(90, 'Shrek', 'A grumpy ogre\'s quiet swamp life is disrupted when fairy tale creatures are dumped on his land, leading him on a quest to rescue a princess and reclaim his home. This animated comedy revolutionized the genre by subverting traditional fairy tale tropes with humor and heart. Mike Myers voices the lovable green hero who learns that true beauty comes from within.', '2001', 'uploads/posters/shrek_2001.jpg', 'uploads/backgrounds/shrek_2001.jpg', 'https://www.youtube.com/watch?v=ooJJX3R42WM', 1, 1),
(91, 'Mickey 17', 'In this sci-fi dark comedy directed by Bong Joon-ho, a disposable employee on a human expedition to colonize an ice planet keeps getting killed and regenerated with his memories intact. Robert Pattinson stars as the expendable worker who begins to question his role and humanity. Death becomes routine in this existential thriller.', '2025', 'uploads/posters/mickey_17_2025.jpg', 'uploads/backgrounds/mickey_17_2025.jpg', 'https://www.youtube.com/watch?v=osYpGSz_0i4', 1, 1),
(92, 'Shadow Force', 'An elite military unit is betrayed during a classified operation and must fight their way out of enemy territory while uncovering a conspiracy that goes to the highest levels of government. This action thriller explores loyalty, betrayal, and the cost of following orders. Trust becomes a luxury they can\'t afford.', '2025', 'uploads/posters/shadow_force_2025.jpg', 'uploads/backgrounds/shadow_force_2025.jpg', 'https://youtu.be/M7LhGytiHFM', 1, 1),
(93, 'Almost Family', 'A heartwarming drama about a woman who discovers she has dozens of half-siblings after her fertility doctor father used his own sperm to impress patients. This ensemble piece explores the meaning of family and the bonds that connect us. Modern medicine meets age-old questions about identity and belonging.', '2025', 'uploads/posters/almost_family_2025.jpg', 'uploads/backgrounds/almost_family_2025.jpg', 'https://youtu.be/84tcb4DWxdY', 1, 1),
(94, 'The Idea of You', 'A 40-year-old divorced mother finds herself in an unexpected romance with a 24-year-old member of a popular boy band, challenging societal expectations about age and love. Anne Hathaway stars in this romantic drama that explores modern relationships and second chances. Love doesn\'t follow rules or timelines.', '2024', 'uploads/posters/the_idea_of_you_2024.jpg', 'uploads/backgrounds/the_idea_of_you_2024.jpg', 'https://youtu.be/pz6qx4n2Ewc', 1, 1),
(95, 'The Matrix', 'A computer programmer discovers that reality as he knows it is actually a simulated world controlled by machines, and he must join a rebellion to free humanity. The Wachowskis\' groundbreaking sci-fi action film revolutionized cinema with its innovative visual effects and philosophical themes. Welcome to the desert of the real.', '1999', 'uploads/posters/the_matrix_1999.jpg', 'uploads/backgrounds/the_matrix_1999.jpg', 'https://www.youtube.com/watch?v=vKQi3bBA1y8', 1, 1),
(96, 'Ziam', 'A coming-of-age story about a young person navigating identity, family expectations, and self-discovery in a modern multicultural setting. This drama explores themes of belonging, cultural heritage, and the courage to be authentic. Finding yourself sometimes means disappointing others.', '2025', 'uploads/posters/ziam_2025.jpg', 'uploads/backgrounds/ziam_2025.jpg', 'https://youtu.be/ATjGbAL8hWg', 1, 1),
(97, 'Big Hero 6', 'A robotics prodigy and his inflatable robot companion team up with friends to form a superhero team and save their city from a mysterious villain. This Disney animated film combines superhero action with emotional storytelling about grief and healing. Technology and friendship prove to be the ultimate combination.', '2014', 'uploads/posters/big_hero_6_2014.jpg', 'uploads/backgrounds/big_hero_6_2014.jpg', 'https://youtu.be/vco0SpSz17g', 1, 1),
(98, 'Spirited Away', 'A young girl must work in a magical bathhouse to save her parents who have been transformed into pigs by the mysterious world she\'s trapped in. Hayao Miyazaki\'s masterpiece combines breathtaking animation with environmental themes and Japanese folklore. This Academy Award-winning film showcases the power of courage and compassion.', '2001', 'uploads/posters/spirited_away_2001.jpg', 'uploads/backgrounds/spirited_away_2001.jpg', 'https://youtu.be/ByXuk9QqQkk', 3, 2),
(99, 'Twilight', 'A teenage girl falls in love with a vampire in this supernatural romance that launched a cultural phenomenon. Kristen Stewart and Robert Pattinson star as the star-crossed lovers whose relationship defies the natural order. Love bites in this modern gothic romance.', '2008', 'uploads/posters/twilight_2008.jpg', 'uploads/backgrounds/twilight_2008.jpg', 'https://youtu.be/kTiaKvXqOtQ', 1, 1),
(100, 'Palmer', 'A former high school football star returns to his hometown after serving time in prison and forms an unlikely bond with a young boy who is bullied for his interests. Justin Timberlake delivers a powerful dramatic performance in this touching story about redemption and acceptance. Sometimes the people who need saving do the rescuing.', '2021', 'uploads/posters/palmer_2021.jpg', 'uploads/backgrounds/palmer_2021.jpg', 'https://youtu.be/8jVuOheTNGQ', 1, 1),
(101, 'Coraline', 'A young girl discovers a parallel world that seems better than her own, but the Other Mother who rules it has sinister plans for her. This stop-motion animated horror film from Henry Selick brings Neil Gaiman\'s dark fairy tale to disturbing life. Be careful what you wish for—you might just get it.', '2009', 'uploads/posters/coraline_2009.jpg', 'uploads/backgrounds/coraline_2009.jpg', 'https://www.youtube.com/watch?v=HnAVh-eWgTU', 1, 1),
(102, 'Dune', 'Paul Atreides leads his people in a war against the evil Baron Harkonnen for control of the desert planet Arrakis and its valuable spice. Denis Villeneuve\'s adaptation of Frank Herbert\'s sci-fi epic brings stunning visuals and complex political intrigue to the big screen. The spice must flow in this tale of destiny and rebellion.', '2021', 'uploads/posters/dune_2021.jpg', 'uploads/backgrounds/dune_2021.jpg', 'https://youtu.be/n9xhJrPXop4', 1, 1),
(103, 'Corpse Bride', 'A nervous groom accidentally marries a deceased bride while practicing his wedding vows, leading to a supernatural love triangle between the living and the dead. Tim Burton\'s stop-motion animated musical blends gothic romance with dark humor. Death do us part takes on new meaning in this macabre fairy tale.', '2005', 'uploads/posters/corpse_bride_2005.jpg', 'uploads/backgrounds/corpse_bride_2005.jpg', 'https://youtu.be/AGACeWVdFqo', 1, 1),
(104, 'Avengers: Endgame', 'The surviving Avengers must find a way to reverse Thanos\'s devastating snap and restore half of all life in the universe. This epic conclusion to the Infinity Saga brings together heroes from across the Marvel Cinematic Universe for the ultimate battle. The endgame is here, and the stakes have never been higher.', '2019', 'uploads/posters/avengers_endgame_2019.jpg', 'uploads/backgrounds/avengers_endgame_2019.jpg', 'https://youtu.be/TcMBFSGVi1c', 1, 1),
(105, 'Tangled', 'A spirited princess with magical long hair escapes her tower prison with the help of a charming thief, embarking on an adventure to see the floating lanterns. Disney\'s modern take on Rapunzel combines traditional storytelling with contemporary humor and stunning animation. Sometimes you have to leave your comfort zone to find your dreams.', '2010', 'uploads/posters/tangled_2010.jpg', 'uploads/backgrounds/tangled_2010.jpg', 'https://youtu.be/2f516ZLyC6U', 1, 1);
INSERT INTO `movies` (`id`, `title`, `description`, `release_year`, `poster_url`, `background_url`, `trailer_url`, `country_id`, `language_id`) VALUES
(106, 'Smile 2', 'The cursed smile returns to terrorize a new victim in this sequel to the supernatural horror hit. The malevolent entity continues to spread its influence through psychological manipulation and terrifying visions. Once you see the smile, you can\'t unsee it in this chilling continuation.', '2024', 'uploads/posters/smile_2_2024.jpg', 'uploads/backgrounds/smile_2_2024.jpg', 'https://youtu.be/Fy7kaI3GKzo', 1, 1),
(107, 'K.O.', 'A boxing drama about an aging fighter who gets one last chance at glory while mentoring a young up-and-coming boxer. This sports film explores themes of legacy, redemption, and the price of pursuing dreams. In the ring and in life, it\'s not about how hard you hit, but how hard you can get hit and keep moving forward.', '2025', 'uploads/posters/k_o_2025.jpg', 'uploads/backgrounds/k_o_2025.jpg', 'https://youtu.be/7ECPKBH88No', 1, 1),
(108, 'Havoc', 'A detective must navigate a corrupt police department while investigating a series of murders that lead to the highest levels of power. Tom Hardy stars in this crime thriller that exposes the thin line between law enforcement and organized crime. Justice becomes a luxury in a system built on corruption.', '2025', 'uploads/posters/havoc_2025.jpg', 'uploads/backgrounds/havoc_2025.jpg', 'https://youtu.be/HAQfDRvrU0s', 1, 1),
(109, 'Nosferatu', 'Robert Eggers\' reimagining of the classic vampire tale follows a young woman who becomes obsessed with the mysterious Count Orlok. This gothic horror film brings new psychological depth to the legendary monster story. The undead Count returns with all the terror and seduction of the original legend.', '2024', 'uploads/posters/nosferatu_2024.jpg', 'uploads/backgrounds/nosferatu_2024.jpg', 'https://youtu.be/b59rxDB_JRg', 1, 1),
(110, 'Joker', 'A failed comedian\'s descent into madness transforms him into the iconic villain known as the Joker in this dark psychological thriller. Joaquin Phoenix delivers a haunting performance as Arthur Fleck in this gritty origin story. Sometimes one bad day is all it takes to drive a man insane.', '2019', 'uploads/posters/joker_2019.jpg', 'uploads/backgrounds/joker_2019.jpg', 'https://youtu.be/t433PEQGErc', 1, 1),
(111, 'Dracula', 'The legendary vampire Count rises again in this modern adaptation of Bram Stoker\'s classic novel, bringing ancient evil into the contemporary world. This horror film explores the timeless themes of seduction, immortality, and the battle between good and evil. The Prince of Darkness returns with a thirst for blood and power.', '2025', 'uploads/posters/dracula_2025.jpg', 'uploads/backgrounds/dracula_2025.jpg', 'https://youtu.be/sO0-l6INusw', 1, 1),
(112, 'IF', 'A young girl who can see everyone\'s abandoned imaginary friends embarks on a magical adventure to reunite them with their grown-up kids. This family fantasy from John Krasinski explores the power of imagination and the importance of maintaining wonder as we grow up. Sometimes the most important friends are the ones only you can see.', '2024', 'uploads/posters/if_2024.jpg', 'uploads/backgrounds/if_2024.jpg', 'https://youtu.be/el0N_MDcp0Y', 1, 1),
(113, 'Ratatouille', 'A rat with culinary dreams partners with a hapless garbage boy to create incredible dishes in a famous Parisian restaurant. This Pixar masterpiece celebrates the joy of cooking and proves that anyone can be great, regardless of their background. In the world of haute cuisine, the most unlikely chef rises to the top.', '2007', 'uploads/posters/ratatouille_2007.jpg', 'uploads/backgrounds/ratatouille_2007.jpg', 'https://www.youtube.com/watch?v=-tNqfcZKn6k', 1, 1),
(114, 'Eden', 'A survival thriller about a group of people stranded in a remote location who must overcome both natural dangers and their own personal conflicts to stay alive. This intense drama explores human nature when civilization\'s rules no longer apply. Paradise becomes prison when there\'s no way out.', '2025', 'uploads/posters/eden_2025.jpg', 'uploads/backgrounds/eden_2025.jpg', 'https://www.youtube.com/watch?v=w860o1CceTk', 1, 1),
(115, 'Sorry Baby', 'A romantic comedy about a couple who must navigate the challenges of modern relationships while dealing with unexpected pregnancy and family pressures. This contemporary romance explores love, commitment, and the fears that come with major life changes. Sometimes the best things in life are unplanned.', '2025', 'uploads/posters/sorry_baby_2025.jpg', 'uploads/backgrounds/sorry_baby_2025.jpg', 'https://youtu.be/Rc0jgWoZo9w', 1, 1),
(116, 'Ice Age', 'A woolly mammoth, a saber-toothed tiger, and a sloth team up to return a human baby to his tribe during the Ice Age. This animated adventure combines prehistoric humor with heartwarming friendship as unlikely companions become a makeshift family. The herd that stays together, survives together.', '2002', 'uploads/posters/ice_age_2002.jpg', 'uploads/backgrounds/ice_age_2002.jpg', 'https://www.youtube.com/watch?v=wjdqn9r4thg', 1, 1),
(117, 'Up', 'An elderly widower fulfills his promise to his late wife by tying thousands of balloons to his house and flying to South America, accidentally taking a young Boy Scout along for the adventure. This Pixar tearjerker explores themes of loss, friendship, and finding new purpose in life. Adventure is out there, sometimes in the most unexpected companions.', '2009', 'uploads/posters/up_2009.jpg', 'uploads/backgrounds/up_2009.jpg', 'https://youtu.be/ORFWdXl_zJ4', 1, 1),
(118, 'Your Name', 'Two teenagers share a profound, magical connection upon discovering they are swapping bodies with each other across time and space. This Japanese animated romance from Makoto Shinkai combines stunning visuals with an emotionally resonant story about fate and love. Some bonds transcend time and distance.', '2016', 'uploads/posters/your_name_2016.jpg', 'uploads/backgrounds/your_name_2016.jpg', 'https://youtu.be/xU47nhruN-Q', 3, 2),
(119, 'The Nun', 'A priest and a novice travel to Romania to investigate the suicide of a young nun, uncovering a malevolent secret that puts their lives and faith at risk. This horror film explores demonic possession and the power of evil in a gothic religious setting. Some secrets are buried for good reason.', '2018', 'uploads/posters/the_nun_2018.jpg', 'uploads/backgrounds/the_nun_2018.jpg', 'https://youtu.be/pzD9zGcUNrw', 1, 1),
(120, 'Finding Nemo', 'An overprotective clownfish travels across the ocean to find his son who was captured by divers and taken to a dentist\'s aquarium. This Pixar adventure celebrates the bond between parent and child while exploring themes of independence and courage. Just keep swimming in this underwater journey of discovery.', '2003', 'uploads/posters/finding_nemo_2003.jpg', 'uploads/backgrounds/finding_nemo_2003.jpg', 'https://www.youtube.com/watch?v=bMtzgW-FVLYv', 1, 1),
(121, 'The Garfield Movie', 'The world\'s most famous cartoon cat comes to life in this animated comedy adventure where Garfield must step out of his comfort zone to save his father. This family film brings Jim Davis\'s beloved comic strip character to the big screen with humor and heart. Monday never looked so good when compared to real adventure.', '2024', 'uploads/posters/the_garfield_movie_2024.jpg', 'uploads/backgrounds/the_garfield_movie_2024.jpg', 'https://youtu.be/IeFWNtMo1Fs', 1, 1),
(122, 'Encanto', 'A young Colombian girl struggles with being the only member of her magical family without powers, but she may be the key to saving their miracle. This Disney animated musical celebrates family, culture, and finding your own unique gift. We don\'t talk about Bruno, but we celebrate the magic within us all.', '2021', 'uploads/posters/encanto_2021.jpg', 'uploads/backgrounds/encanto_2021.jpg', 'https://youtu.be/togmdDHG3Pw', 1, 1),
(123, 'Elemental', 'In a city where fire, water, earth, and air residents live together, a fiery young woman and a go-with-the-flow guy discover something elemental about themselves and their connection. This Pixar animation explores themes of identity, family expectations, and finding common ground despite differences. Opposites don\'t just attract—they can create something beautiful.', '2023', 'uploads/posters/elemental_2023.jpg', 'uploads/backgrounds/elemental_2023.jpg', 'https://youtu.be/-cT495xKvvs', 1, 1),
(124, 'Jaws', 'A massive great white shark terrorizes a New England beach town, leading the local sheriff, a marine biologist, and a grizzled shark hunter to hunt the beast. Steven Spielberg\'s masterpiece created the modern blockbuster and made people afraid to go in the water. You\'re gonna need a bigger boat for this aquatic nightmare.', '1975', 'uploads/posters/jaws_1975.jpg', 'uploads/backgrounds/jaws_1975.jpg', 'https://www.youtube.com/watch?v=U1fu_sA7XhE', 1, 1),
(125, 'White Chicks', 'Two FBI agents go undercover as white socialites to solve a kidnapping case, leading to hilarious situations as they navigate high society. This comedy explores identity, prejudice, and the absurdity of social expectations through outrageous disguises. Sometimes the best way to catch criminals is to become completely different people.', '2004', 'uploads/posters/white_chicks_2004.jpg', 'uploads/backgrounds/white_chicks_2004.jpg', 'https://youtu.be/aeVkbNka9HM', 1, 1),
(126, 'Migration', 'A family of ducks convinces their overprotective father to embark on the vacation of a lifetime as they attempt to migrate from New England to Jamaica. This animated adventure from Illumination explores family dynamics and the courage to try new things. Sometimes the journey is more important than the destination.', '2023', 'uploads/posters/migration_2023.jpg', 'uploads/backgrounds/migration_2023.jpg', 'https://www.youtube.com/watch?v=cQfo0HJhCnE', 1, 1),
(127, 'Heretic', 'Two young Mormon missionaries are trapped in the home of a dangerous man who tests their faith through increasingly disturbing psychological games. This horror thriller explores religious belief, doubt, and the lengths people will go to defend their convictions. Faith becomes a weapon in this battle for souls.', '2024', 'uploads/posters/heretic_2024.jpg', 'uploads/backgrounds/heretic_2024.jpg', 'https://youtu.be/O9i2vmFhSSY', 1, 1),
(128, 'Novocaine', 'A thriller about a dentist whose life spirals out of control after a dangerous patient enters his practice, leading to blackmail, murder, and identity theft. This dark comedy explores how one bad decision can destroy everything you\'ve worked for. Sometimes the cure is worse than the pain.', '2025', 'uploads/posters/novocaine_2025.jpg', 'uploads/backgrounds/novocaine_2025.jpg', 'https://youtu.be/-PyOIlJEdqA', 1, 1),
(129, 'Venom', 'A journalist becomes the host for an alien symbiote that gives him incredible powers but also a dangerous appetite for human brains. Tom Hardy stars as both Eddie Brock and the voice of Venom in this superhero horror film. We are Venom, and we are hungry for justice—and chocolate.', '2018', 'uploads/posters/venom_2018.jpg', 'uploads/backgrounds/venom_2018.jpg', 'https://youtu.be/27ykcO79F-Y', 1, 1),
(130, 'Panda Plan', 'An action-comedy about a special agent who must protect a rare panda while uncovering an international conspiracy involving wildlife trafficking. Jackie Chan brings his trademark blend of martial arts and humor to this family-friendly adventure. Sometimes the most endangered species is the one trying to protect you.', '2024', 'uploads/posters/panda_plan_2024.jpg', 'uploads/backgrounds/panda_plan_2024.jpg', 'https://youtu.be/kb1C19HGBu8', 4, 3),
(131, 'WALL-E', 'A lonely robot left to clean up Earth\'s garbage falls in love with a reconnaissance robot and follows her across the galaxy, inadvertently becoming humanity\'s last hope. This Pixar masterpiece combines environmental themes with a touching love story between two robots. Sometimes love is all you need to save the world.', '2008', 'uploads/posters/wall_e_2008.jpg', 'uploads/backgrounds/wall_e_2008.jpg', 'https://youtu.be/geplBr2fcZc', 1, 1),
(132, 'The Flash', 'Barry Allen uses his super speed to travel back in time to save his mother\'s life, but his actions create unintended consequences that threaten the entire multiverse. Ezra Miller stars as the Scarlet Speedster in this time-traveling superhero adventure. Some things are meant to happen, even the painful ones.', '2023', 'uploads/posters/the_flash_2023.jpg', 'uploads/backgrounds/the_flash_2023.jpg', 'https://youtu.be/hebWYacbdvc', 1, 1),
(133, 'The Meg', 'A massive prehistoric shark thought to be extinct emerges from the deepest part of the ocean to terrorize a research facility and nearby beach. Jason Statham stars as the diver who must stop this ancient predator before it reaches populated areas. Some things should stay buried in the deep.', '2018', 'uploads/posters/the_meg_2018.jpg', 'uploads/backgrounds/the_meg_2018.jpg', 'https://www.youtube.com/watch?v=udm5jUA-2bs', 1, 1),
(134, 'Anyone But You', 'Two people who hate each other must pretend to be a couple at a destination wedding, leading to unexpected romance and personal growth. This romantic comedy explores second chances and the thin line between love and hate. Sometimes the person who drives you crazy is the one who completes you.', '2023', 'uploads/posters/anyone_but_you_2023.jpg', 'uploads/backgrounds/anyone_but_you_2023.jpg', 'https://youtu.be/ESEc6W2h9_k', 1, 1),
(135, 'Mulan', 'A young Chinese woman disguises herself as a male warrior to take her father\'s place in the Imperial Army and save China from invading forces. Disney\'s animated classic celebrates courage, honor, and staying true to yourself. A flower that blooms in adversity is the most rare and beautiful of all.', '1998', 'uploads/posters/mulan_1998.jpg', 'uploads/backgrounds/mulan_1998.jpg', 'https://www.youtube.com/watch?v=HKH7_n425Ss', 1, 1),
(136, 'Amélie', 'A shy Parisian waitress decides to help those around her find happiness, but struggles to find her own romantic fulfillment. This whimsical French film celebrates the small joys in life and the magic of human connection. Sometimes the best way to find yourself is to lose yourself in helping others.', '2001', 'uploads/posters/amelie_2001.jpg', 'uploads/backgrounds/amelie_2001.jpg', 'https://www.youtube.com/watch?v=Py7cDXQae2U', 6, 5),
(137, 'Doctor Strange', 'A brilliant but arrogant surgeon discovers the world of magic and alternate dimensions after a car accident ends his medical career. Benedict Cumberbatch stars as the mystical Marvel hero who must defend reality itself from supernatural threats. The impossible is just another Tuesday in the multiverse.', '2016', 'uploads/posters/doctor_strange_2016.jpg', 'uploads/backgrounds/doctor_strange_2016.jpg', 'https://youtu.be/Lt-U_t2pUHI', 1, 1),
(138, 'G20', 'A political thriller set during a G20 summit where world leaders must work together to prevent a global crisis while dealing with personal agendas and international intrigue. This high-stakes drama explores the complex world of international diplomacy. When the world\'s most powerful people gather, anything can happen.', '2025', 'uploads/posters/g20_2025.jpg', 'uploads/backgrounds/g20_2025.jpg', 'https://youtu.be/mhQcpvKHis4', 1, 1),
(139, 'Luck', 'A young woman discovers a secret world where magical creatures create good and bad luck for humans, and she must help restore the balance between fortune and misfortune. This animated adventure from Apple TV+ and Skydance explores the nature of luck and how we make our own destiny. Sometimes bad luck leads to good fortune.', '2022', 'uploads/posters/luck_2022.jpg', 'uploads/backgrounds/luck_2022.jpg', 'https://youtu.be/Sx_pxejch2g', 1, 1),
(140, 'Subservience', 'A struggling father purchases a domestic android to help with household chores, but the AI begins to develop dangerous obsessions that threaten his family. Megan Fox stars in this sci-fi thriller about artificial intelligence gone wrong. Sometimes the help you need becomes the danger you fear.', '2024', 'uploads/posters/subservience_2024.jpg', 'uploads/backgrounds/subservience_2024.jpg', 'https://youtu.be/z6DLdqf0Bs0', 1, 1),
(141, 'Maleficent', 'The story of Sleeping Beauty is retold from the perspective of the villain, revealing the events that hardened Maleficent\'s heart and drove her to curse an innocent baby. Angelina Jolie brings depth and complexity to the iconic Disney villain. Every villain has an origin story, and some have reasons for their darkness.', '2014', 'uploads/posters/maleficent_2014.jpg', 'uploads/backgrounds/maleficent_2014.jpg', 'https://youtu.be/LaArkjF7AnM', 1, 1),
(142, 'Turning Red', 'A 13-year-old girl discovers she turns into a giant red panda whenever she gets too excited, leading to awkward situations as she navigates adolescence. This Pixar film explores puberty, family expectations, and cultural identity with humor and heart. Growing up means learning to control your inner beast.', '2022', 'uploads/posters/turning_red_2022.jpg', 'uploads/backgrounds/turning_red_2022.jpg', 'https://youtu.be/pqdHP2dWQ9M', 1, 1),
(143, 'Alice in Wonderland', 'A young woman returns to the magical world she first visited as a child to fulfill her destiny as the chosen one who will end the Red Queen\'s reign of terror. Tim Burton\'s visually stunning adaptation brings Lewis Carroll\'s classic tale to life with gothic flair. Sometimes the only way out is through the rabbit hole.', '2010', 'uploads/posters/alice_in_wonderland_2010.jpg', 'uploads/backgrounds/alice_in_wonderland_2010.jpg', 'https://youtu.be/9POCgSRVvf0', 1, 1),
(144, 'Challengers', 'A tennis prodigy turned coach finds herself caught between her husband and her former boyfriend, both professional tennis players, as their careers and personal relationships collide. Zendaya stars in this sports drama that explores ambition, love, and competition. On and off the court, everything is a game.', '2024', 'uploads/posters/challengers_2024.jpg', 'uploads/backgrounds/challengers_2024.jpg', 'https://www.youtube.com/watch?v=MDnVk5jIJr0', 1, 1),
(145, 'Fall', 'Two friends climb a 2,000-foot radio tower for an extreme adventure, but find themselves stranded at the top with no way down and limited supplies. This vertigo-inducing thriller explores survival, friendship, and overcoming fear. Sometimes the only way out is up, and then back down again.', '2022', 'uploads/posters/fall_2022.jpg', 'uploads/backgrounds/fall_2022.jpg', 'https://youtu.be/jumy9LR2vyI', 2, 1),
(146, 'Poor Things', 'A woman brought back to life by an eccentric scientist embarks on a journey of self-discovery and sexual liberation in this surreal Victorian fantasy. Emma Stone delivers a fearless performance in Yorgos Lanthimos\'s visually stunning and provocative film. Growing up is a strange and wonderful thing.', '2023', 'uploads/posters/poor_things_2023.jpg', 'uploads/backgrounds/poor_things_2023.jpg', 'https://youtu.be/ZFu7ZH4y6J4', 2, 1),
(147, 'Shin Godzilla', 'Japan faces its greatest crisis when a massive, evolving monster emerges from Tokyo Bay, forcing the government to respond to an unprecedented threat. This Japanese reboot of the Godzilla franchise combines political satire with spectacular kaiju action. Some monsters reflect our deepest fears about the modern world.', '2016', 'uploads/posters/shin_godzilla_2016.jpg', 'uploads/backgrounds/shin_godzilla_2016.jpg', 'https://youtu.be/3qX1ZU3jcfU', 3, 2),
(148, 'Sonic the Hedgehog', 'The world\'s fastest hedgehog teams up with a small-town sheriff to stop the evil Dr. Robotnik from capturing him and using his powers for world domination. This video game adaptation brings the beloved Sega character to life with humor and heart. Gotta go fast when evil threatens the world.', '2020', 'uploads/posters/sonic_the_hedgehog_2020.jpg', 'uploads/backgrounds/sonic_the_hedgehog_2020.jpg', 'https://youtu.be/szby7ZHLnkA', 1, 1),
(149, 'Prey', 'Set 300 years ago in the Great Plains, a young Comanche warrior fights to protect her people against a highly evolved alien Predator that hunts humans for sport. This prequel to the Predator franchise showcases indigenous culture while delivering intense action. The hunt is on, but this time the prey fights back.', '2022', 'uploads/posters/prey_2022.jpg', 'uploads/backgrounds/prey_2022.jpg', 'https://youtu.be/7HGqcifonvs', 1, 1),
(150, 'Luca', 'A young sea monster discovers he can transform into a human boy when dry, leading to a summer of friendship and self-discovery on the Italian Riviera. This Pixar coming-of-age story celebrates friendship, acceptance, and the courage to be different. Some friendships change everything, even when you\'re keeping big secrets.', '2021', 'uploads/posters/luca_2021.jpg', 'uploads/backgrounds/luca_2021.jpg', 'https://youtu.be/YdAIBlPVe9s', 1, 1);

-- --------------------------------------------------------

--
-- Table structure for table `movie_cast`
--

CREATE TABLE `movie_cast` (
  `id` int(11) NOT NULL,
  `movie_id` int(11) NOT NULL,
  `person_id` int(11) NOT NULL,
  `role` enum('Director','Cast') NOT NULL
) ENGINE=InnoDB DEFAULT CHARSET=utf8mb4 COLLATE=utf8mb4_general_ci;

--
-- Dumping data for table `movie_cast`
--

INSERT INTO `movie_cast` (`id`, `movie_id`, `person_id`, `role`) VALUES
(1, 1, 1, 'Director'),
(2, 1, 2, 'Cast'),
(3, 1, 3, 'Cast'),
(4, 1, 4, 'Cast'),
(5, 2, 5, 'Director'),
(6, 2, 6, 'Cast'),
(7, 2, 7, 'Cast'),
(8, 2, 8, 'Cast'),
(9, 3, 9, 'Director'),
(10, 3, 10, 'Cast'),
(11, 3, 11, 'Cast'),
(12, 3, 12, 'Cast'),
(13, 4, 13, 'Director'),
(14, 4, 14, 'Cast'),
(15, 4, 15, 'Cast'),
(16, 4, 16, 'Cast'),
(17, 5, 17, 'Director'),
(18, 5, 18, 'Cast'),
(19, 5, 19, 'Cast'),
(20, 5, 20, 'Cast'),
(21, 6, 21, 'Director'),
(22, 6, 22, 'Cast'),
(23, 6, 23, 'Cast'),
(24, 6, 24, 'Cast'),
(25, 7, 25, 'Director'),
(26, 7, 26, 'Cast'),
(27, 7, 27, 'Cast'),
(28, 8, 28, 'Director'),
(29, 8, 29, 'Cast'),
(30, 8, 30, 'Cast'),
(31, 8, 31, 'Cast'),
(32, 9, 32, 'Director'),
(33, 9, 33, 'Cast'),
(34, 9, 34, 'Cast'),
(35, 9, 35, 'Cast'),
(36, 10, 36, 'Director'),
(37, 10, 37, 'Cast'),
(38, 10, 38, 'Cast'),
(39, 11, 39, 'Director'),
(40, 11, 40, 'Cast'),
(41, 11, 41, 'Cast'),
(42, 11, 42, 'Cast'),
(43, 12, 43, 'Director'),
(44, 12, 44, 'Director'),
(45, 12, 45, 'Cast'),
(46, 12, 46, 'Cast'),
(47, 13, 47, 'Director'),
(48, 13, 48, 'Director'),
(49, 13, 49, 'Cast'),
(50, 13, 50, 'Cast'),
(51, 14, 51, 'Director'),
(52, 14, 52, 'Cast'),
(53, 14, 53, 'Cast'),
(54, 14, 54, 'Cast'),
(55, 15, 55, 'Director'),
(56, 15, 56, 'Cast'),
(57, 15, 57, 'Cast'),
(58, 16, 58, 'Director'),
(59, 16, 59, 'Director'),
(60, 16, 60, 'Director'),
(61, 16, 61, 'Cast'),
(62, 16, 62, 'Cast'),
(63, 17, 63, 'Director'),
(64, 17, 64, 'Cast'),
(65, 17, 65, 'Cast'),
(66, 17, 66, 'Cast'),
(67, 18, 67, 'Director'),
(68, 18, 68, 'Cast'),
(69, 18, 69, 'Cast'),
(70, 18, 70, 'Cast'),
(71, 19, 71, 'Director'),
(72, 19, 72, 'Cast'),
(73, 19, 73, 'Cast'),
(74, 19, 74, 'Cast'),
(75, 20, 75, 'Director'),
(76, 20, 76, 'Director'),
(77, 20, 77, 'Cast'),
(78, 21, 78, 'Director'),
(79, 21, 79, 'Cast'),
(80, 21, 80, 'Cast'),
(81, 21, 81, 'Cast'),
(82, 22, 82, 'Director'),
(83, 22, 83, 'Cast'),
(84, 22, 84, 'Cast'),
(85, 22, 85, 'Cast'),
(86, 23, 86, 'Director'),
(87, 23, 87, 'Director'),
(88, 23, 88, 'Cast'),
(89, 23, 89, 'Cast'),
(90, 24, 90, 'Director'),
(91, 24, 91, 'Cast'),
(92, 24, 92, 'Cast'),
(93, 24, 93, 'Cast'),
(94, 25, 94, 'Director'),
(95, 25, 95, 'Cast'),
(96, 25, 96, 'Cast'),
(97, 26, 97, 'Director'),
(98, 26, 98, 'Director'),
(99, 26, 99, 'Cast'),
(100, 26, 100, 'Cast'),
(101, 27, 101, 'Director'),
(102, 27, 102, 'Cast'),
(103, 27, 103, 'Cast'),
(104, 28, 104, 'Director'),
(105, 28, 105, 'Cast'),
(106, 28, 106, 'Cast'),
(107, 28, 107, 'Cast'),
(108, 29, 108, 'Director'),
(109, 29, 109, 'Director'),
(110, 29, 110, 'Cast'),
(111, 29, 111, 'Cast'),
(112, 29, 112, 'Cast'),
(113, 29, 113, 'Cast'),
(114, 30, 114, 'Director'),
(115, 30, 115, 'Cast'),
(116, 30, 116, 'Cast'),
(117, 30, 117, 'Cast'),
(118, 31, 118, 'Director'),
(119, 31, 119, 'Cast'),
(120, 31, 120, 'Cast'),
(121, 31, 121, 'Cast'),
(122, 32, 122, 'Director'),
(123, 32, 123, 'Cast'),
(124, 32, 124, 'Cast'),
(125, 32, 125, 'Cast'),
(126, 33, 126, 'Director'),
(127, 33, 127, 'Cast'),
(128, 33, 128, 'Cast'),
(129, 34, 129, 'Director'),
(130, 34, 130, 'Cast'),
(131, 35, 131, 'Director'),
(132, 35, 131, 'Cast'),
(133, 35, 132, 'Cast'),
(134, 35, 133, 'Cast'),
(135, 36, 134, 'Director'),
(136, 36, 135, 'Cast'),
(137, 36, 136, 'Cast'),
(138, 37, 137, 'Director'),
(139, 37, 138, 'Cast'),
(140, 37, 139, 'Cast'),
(141, 38, 140, 'Director'),
(142, 38, 141, 'Cast'),
(143, 38, 142, 'Cast'),
(144, 38, 143, 'Cast'),
(145, 39, 144, 'Director'),
(146, 39, 145, 'Cast'),
(147, 39, 146, 'Cast'),
(148, 39, 147, 'Cast'),
(149, 40, 148, 'Director'),
(150, 40, 149, 'Cast'),
(151, 40, 150, 'Cast'),
(152, 41, 151, 'Director'),
(153, 41, 152, 'Cast'),
(154, 41, 153, 'Cast'),
(155, 41, 154, 'Cast'),
(156, 42, 155, 'Director'),
(157, 42, 156, 'Cast'),
(158, 42, 157, 'Cast'),
(159, 42, 158, 'Cast'),
(160, 43, 159, 'Director'),
(161, 43, 160, 'Cast'),
(162, 43, 161, 'Cast'),
(163, 43, 162, 'Cast'),
(164, 44, 163, 'Director'),
(165, 44, 164, 'Cast'),
(166, 44, 165, 'Cast'),
(167, 45, 166, 'Director'),
(168, 45, 167, 'Director'),
(169, 45, 168, 'Cast'),
(170, 45, 169, 'Cast'),
(171, 45, 170, 'Cast'),
(172, 46, 171, 'Director'),
(173, 46, 172, 'Cast'),
(174, 46, 173, 'Cast'),
(175, 47, 174, 'Director'),
(176, 47, 175, 'Cast'),
(177, 48, 176, 'Director'),
(178, 48, 177, 'Cast'),
(179, 48, 178, 'Cast'),
(180, 48, 179, 'Cast'),
(181, 49, 180, 'Director'),
(182, 49, 181, 'Cast'),
(183, 49, 182, 'Cast'),
(184, 50, 183, 'Director'),
(185, 50, 184, 'Cast'),
(186, 50, 185, 'Cast'),
(187, 50, 186, 'Cast'),
(188, 51, 187, 'Director'),
(189, 51, 188, 'Cast'),
(190, 51, 189, 'Cast'),
(191, 51, 190, 'Cast'),
(192, 52, 191, 'Director'),
(193, 52, 192, 'Cast'),
(194, 52, 193, 'Cast'),
(195, 52, 194, 'Cast'),
(196, 53, 195, 'Director'),
(197, 53, 196, 'Cast'),
(198, 53, 197, 'Cast'),
(199, 53, 198, 'Cast'),
(200, 54, 199, 'Director'),
(201, 54, 200, 'Cast'),
(202, 54, 201, 'Cast'),
(203, 55, 202, 'Director'),
(204, 55, 203, 'Cast'),
(205, 55, 204, 'Cast'),
(206, 55, 205, 'Cast'),
(207, 56, 206, 'Director'),
(208, 56, 207, 'Cast'),
(209, 56, 208, 'Cast'),
(210, 57, 209, 'Director'),
(211, 57, 210, 'Cast'),
(212, 57, 211, 'Cast'),
(213, 57, 212, 'Cast'),
(214, 58, 213, 'Director'),
(215, 58, 214, 'Cast'),
(216, 58, 215, 'Cast'),
(217, 59, 216, 'Director'),
(218, 59, 217, 'Cast'),
(219, 59, 218, 'Cast'),
(220, 59, 219, 'Cast'),
(221, 60, 220, 'Director'),
(222, 60, 221, 'Cast'),
(223, 60, 222, 'Cast'),
(224, 61, 223, 'Director'),
(225, 61, 224, 'Cast'),
(226, 61, 225, 'Cast'),
(227, 61, 226, 'Cast'),
(228, 62, 227, 'Director'),
(229, 62, 228, 'Cast'),
(230, 62, 229, 'Cast'),
(231, 62, 230, 'Cast'),
(232, 63, 231, 'Director'),
(233, 63, 232, 'Cast'),
(234, 63, 233, 'Cast'),
(235, 63, 234, 'Cast'),
(236, 64, 235, 'Director'),
(237, 64, 236, 'Cast'),
(238, 64, 237, 'Cast'),
(239, 64, 238, 'Cast'),
(240, 65, 239, 'Director'),
(241, 65, 240, 'Cast'),
(242, 65, 241, 'Cast'),
(243, 65, 242, 'Cast'),
(244, 66, 243, 'Director'),
(245, 66, 244, 'Cast'),
(246, 66, 245, 'Cast'),
(247, 66, 246, 'Cast'),
(248, 67, 247, 'Director'),
(249, 67, 248, 'Cast'),
(250, 67, 249, 'Cast'),
(251, 67, 250, 'Cast'),
(252, 68, 251, 'Director'),
(253, 68, 252, 'Cast'),
(254, 68, 253, 'Cast'),
(255, 68, 254, 'Cast'),
(256, 69, 255, 'Director'),
(257, 69, 256, 'Cast'),
(258, 69, 257, 'Cast'),
(259, 69, 258, 'Cast'),
(260, 70, 259, 'Director'),
(261, 70, 260, 'Cast'),
(262, 70, 261, 'Cast'),
(263, 70, 262, 'Cast'),
(264, 71, 263, 'Director'),
(265, 72, 264, 'Director'),
(266, 72, 265, 'Cast'),
(267, 72, 266, 'Cast'),
(268, 73, 267, 'Director'),
(269, 73, 268, 'Cast'),
(270, 73, 269, 'Cast'),
(271, 73, 270, 'Cast'),
(272, 74, 271, 'Director'),
(273, 74, 272, 'Director'),
(274, 74, 273, 'Cast'),
(275, 74, 274, 'Cast'),
(276, 74, 275, 'Cast'),
(277, 75, 276, 'Director'),
(278, 75, 277, 'Cast'),
(279, 75, 278, 'Cast'),
(280, 75, 279, 'Cast'),
(281, 76, 280, 'Director'),
(282, 76, 281, 'Cast'),
(283, 76, 282, 'Cast'),
(284, 76, 283, 'Cast'),
(285, 77, 284, 'Director'),
(286, 77, 285, 'Director'),
(287, 77, 286, 'Cast'),
(288, 77, 287, 'Cast'),
(289, 78, 288, 'Director'),
(290, 78, 289, 'Cast'),
(291, 78, 290, 'Cast'),
(292, 78, 291, 'Cast'),
(293, 79, 292, 'Director'),
(294, 79, 293, 'Cast'),
(295, 79, 294, 'Cast'),
(296, 80, 295, 'Director'),
(297, 80, 296, 'Cast'),
(298, 80, 297, 'Cast'),
(299, 80, 298, 'Cast'),
(300, 81, 299, 'Director'),
(301, 81, 300, 'Cast'),
(302, 81, 301, 'Cast'),
(303, 82, 302, 'Director'),
(304, 82, 302, 'Cast'),
(305, 82, 303, 'Cast'),
(306, 83, 304, 'Director'),
(307, 83, 305, 'Cast'),
(308, 83, 306, 'Cast'),
(309, 83, 307, 'Cast'),
(310, 84, 308, 'Director'),
(311, 84, 309, 'Cast'),
(312, 85, 310, 'Director'),
(313, 85, 311, 'Cast'),
(314, 85, 312, 'Cast'),
(315, 85, 313, 'Cast'),
(316, 86, 314, 'Director'),
(317, 86, 315, 'Cast'),
(318, 86, 316, 'Cast'),
(319, 86, 317, 'Cast'),
(320, 87, 318, 'Director'),
(321, 87, 319, 'Cast'),
(322, 87, 320, 'Cast'),
(323, 87, 321, 'Cast'),
(324, 88, 322, 'Director'),
(325, 88, 323, 'Cast'),
(326, 88, 324, 'Cast'),
(327, 89, 325, 'Director'),
(328, 89, 326, 'Cast'),
(329, 89, 327, 'Cast'),
(330, 90, 328, 'Director'),
(331, 90, 329, 'Director'),
(332, 90, 330, 'Cast'),
(333, 90, 331, 'Cast'),
(334, 90, 332, 'Cast'),
(335, 91, 333, 'Director'),
(336, 91, 334, 'Cast'),
(337, 91, 335, 'Cast'),
(338, 91, 336, 'Cast'),
(339, 92, 337, 'Director'),
(340, 92, 338, 'Cast'),
(341, 92, 339, 'Cast'),
(342, 93, 340, 'Director'),
(343, 93, 341, 'Cast'),
(344, 93, 342, 'Cast'),
(345, 93, 343, 'Cast'),
(346, 94, 344, 'Director'),
(347, 94, 345, 'Director'),
(348, 94, 341, 'Cast'),
(349, 94, 342, 'Cast'),
(350, 94, 343, 'Cast'),
(351, 95, 344, 'Director'),
(352, 95, 345, 'Director'),
(353, 95, 346, 'Cast'),
(354, 95, 347, 'Cast'),
(355, 95, 348, 'Cast'),
(356, 96, 349, 'Director'),
(357, 96, 350, 'Cast'),
(358, 96, 351, 'Cast'),
(359, 96, 352, 'Cast'),
(360, 97, 353, 'Director'),
(361, 97, 354, 'Director'),
(362, 97, 355, 'Cast'),
(363, 97, 356, 'Cast'),
(364, 97, 357, 'Cast'),
(365, 98, 358, 'Director'),
(366, 98, 359, 'Cast'),
(367, 98, 360, 'Cast'),
(368, 98, 361, 'Cast'),
(369, 99, 362, 'Director'),
(370, 99, 363, 'Cast'),
(371, 99, 364, 'Cast'),
(372, 99, 365, 'Cast'),
(373, 100, 366, 'Director'),
(374, 100, 367, 'Cast'),
(375, 100, 368, 'Cast'),
(376, 100, 369, 'Cast'),
(377, 101, 370, 'Director'),
(378, 101, 371, 'Cast'),
(379, 101, 372, 'Cast'),
(380, 101, 373, 'Cast'),
(381, 102, 374, 'Director'),
(382, 102, 375, 'Cast'),
(383, 102, 376, 'Cast'),
(384, 102, 377, 'Cast'),
(385, 103, 378, 'Director'),
(386, 103, 379, 'Cast'),
(387, 103, 380, 'Cast'),
(388, 103, 381, 'Cast'),
(389, 104, 382, 'Director'),
(390, 104, 383, 'Director'),
(391, 104, 384, 'Cast'),
(392, 104, 385, 'Cast'),
(393, 104, 386, 'Cast'),
(394, 105, 387, 'Director'),
(395, 105, 388, 'Director'),
(396, 105, 389, 'Cast'),
(397, 105, 390, 'Cast'),
(398, 105, 391, 'Cast'),
(399, 106, 392, 'Director'),
(400, 106, 393, 'Cast'),
(401, 106, 394, 'Cast'),
(402, 106, 395, 'Cast'),
(403, 107, 396, 'Director'),
(404, 107, 397, 'Cast'),
(405, 107, 398, 'Cast'),
(406, 107, 399, 'Cast'),
(407, 108, 400, 'Director'),
(408, 108, 400, 'Cast'),
(409, 108, 401, 'Cast'),
(410, 108, 402, 'Cast'),
(411, 109, 403, 'Director'),
(412, 109, 404, 'Cast'),
(413, 109, 405, 'Cast'),
(414, 109, 406, 'Cast'),
(415, 110, 407, 'Director'),
(416, 110, 408, 'Cast'),
(417, 110, 409, 'Cast'),
(418, 110, 410, 'Cast'),
(419, 111, 411, 'Director'),
(420, 111, 412, 'Director'),
(421, 111, 413, 'Cast'),
(422, 111, 414, 'Cast'),
(423, 112, 415, 'Director'),
(424, 112, 416, 'Director'),
(425, 112, 417, 'Cast'),
(426, 112, 418, 'Cast'),
(427, 112, 419, 'Cast'),
(428, 113, 420, 'Director'),
(429, 113, 421, 'Cast'),
(430, 113, 422, 'Cast'),
(431, 113, 423, 'Cast'),
(432, 114, 424, 'Director'),
(433, 114, 425, 'Cast'),
(434, 114, 426, 'Cast'),
(435, 114, 427, 'Cast'),
(436, 115, 428, 'Director'),
(437, 115, 429, 'Cast'),
(438, 115, 430, 'Cast'),
(439, 115, 431, 'Cast'),
(440, 116, 432, 'Cast'),
(441, 116, 433, 'Cast'),
(442, 116, 434, 'Cast'),
(443, 117, 435, 'Director'),
(444, 117, 436, 'Cast'),
(445, 117, 437, 'Cast'),
(446, 117, 438, 'Cast'),
(447, 118, 439, 'Director'),
(448, 118, 440, 'Cast'),
(449, 118, 441, 'Cast'),
(450, 118, 442, 'Cast'),
(451, 119, 443, 'Director'),
(452, 119, 444, 'Cast'),
(453, 119, 445, 'Cast'),
(454, 120, 446, 'Director'),
(455, 120, 447, 'Director'),
(456, 120, 448, 'Cast'),
(457, 120, 449, 'Cast'),
(458, 120, 450, 'Cast'),
(459, 121, 451, 'Director'),
(460, 121, 452, 'Cast'),
(461, 121, 453, 'Cast'),
(462, 121, 454, 'Cast'),
(463, 122, 455, 'Director'),
(464, 122, 456, 'Director'),
(465, 122, 457, 'Cast'),
(466, 122, 458, 'Cast'),
(467, 122, 459, 'Cast'),
(468, 123, 460, 'Director'),
(469, 123, 461, 'Cast'),
(470, 123, 462, 'Cast'),
(471, 123, 463, 'Cast'),
(472, 124, 464, 'Director'),
(473, 124, 465, 'Cast'),
(474, 124, 466, 'Cast'),
(475, 124, 467, 'Cast'),
(476, 125, 468, 'Director'),
(477, 125, 469, 'Cast'),
(478, 125, 470, 'Cast'),
(479, 125, 471, 'Cast'),
(480, 126, 472, 'Director'),
(481, 126, 473, 'Cast'),
(482, 126, 474, 'Cast'),
(483, 126, 475, 'Cast'),
(484, 127, 476, 'Director'),
(485, 127, 477, 'Director'),
(486, 127, 478, 'Cast'),
(487, 127, 479, 'Cast'),
(488, 127, 480, 'Cast'),
(489, 128, 481, 'Director'),
(490, 128, 482, 'Cast'),
(491, 128, 483, 'Cast'),
(492, 129, 484, 'Director'),
(493, 129, 485, 'Cast'),
(494, 129, 486, 'Cast'),
(495, 129, 487, 'Cast'),
(496, 130, 488, 'Cast'),
(497, 130, 489, 'Cast'),
(498, 130, 490, 'Cast'),
(499, 131, 491, 'Director'),
(500, 131, 492, 'Cast'),
(501, 131, 493, 'Cast'),
(502, 131, 494, 'Cast'),
(503, 132, 495, 'Director'),
(504, 132, 496, 'Cast'),
(505, 132, 497, 'Cast'),
(506, 132, 498, 'Cast'),
(507, 133, 499, 'Director'),
(508, 133, 500, 'Cast'),
(509, 133, 501, 'Cast'),
(510, 133, 502, 'Cast'),
(511, 134, 503, 'Director'),
(512, 134, 504, 'Cast'),
(513, 134, 505, 'Cast'),
(514, 134, 506, 'Cast'),
(515, 135, 507, 'Director'),
(516, 135, 508, 'Director'),
(517, 135, 509, 'Cast'),
(518, 135, 510, 'Cast'),
(519, 135, 511, 'Cast'),
(520, 136, 512, 'Director'),
(521, 136, 513, 'Cast'),
(522, 136, 514, 'Cast'),
(523, 136, 515, 'Cast'),
(524, 137, 516, 'Director'),
(525, 137, 517, 'Cast'),
(526, 137, 518, 'Cast'),
(527, 137, 519, 'Cast'),
(528, 138, 520, 'Director'),
(529, 138, 521, 'Cast'),
(530, 139, 522, 'Director'),
(531, 139, 523, 'Cast'),
(532, 139, 524, 'Cast'),
(533, 139, 525, 'Cast'),
(534, 140, 526, 'Director'),
(535, 140, 527, 'Cast'),
(536, 140, 528, 'Cast'),
(537, 140, 529, 'Cast'),
(538, 141, 530, 'Director'),
(539, 141, 531, 'Cast'),
(540, 141, 532, 'Cast'),
(541, 141, 533, 'Cast'),
(542, 142, 534, 'Director'),
(543, 142, 535, 'Cast'),
(544, 142, 536, 'Cast'),
(545, 142, 537, 'Cast'),
(546, 143, 538, 'Director'),
(547, 143, 539, 'Cast'),
(548, 143, 540, 'Cast'),
(549, 143, 541, 'Cast'),
(550, 144, 542, 'Director'),
(551, 144, 543, 'Cast'),
(552, 144, 544, 'Cast'),
(553, 144, 545, 'Cast'),
(554, 145, 546, 'Director'),
(555, 145, 547, 'Cast'),
(556, 145, 548, 'Cast'),
(557, 145, 549, 'Cast'),
(558, 146, 550, 'Director'),
(559, 146, 551, 'Cast'),
(560, 146, 552, 'Cast'),
(561, 146, 553, 'Cast'),
(562, 147, 554, 'Director'),
(563, 147, 555, 'Cast'),
(564, 147, 556, 'Cast'),
(565, 147, 557, 'Cast'),
(566, 148, 558, 'Director'),
(567, 148, 559, 'Cast'),
(568, 148, 560, 'Cast'),
(569, 148, 561, 'Cast'),
(570, 149, 562, 'Director'),
(571, 149, 563, 'Cast'),
(572, 149, 564, 'Cast'),
(573, 149, 565, 'Cast'),
(574, 150, 566, 'Director'),
(575, 150, 567, 'Cast'),
(576, 150, 568, 'Cast'),
(577, 150, 569, 'Cast'),
(578, 116, 570, 'Director');

-- --------------------------------------------------------

--
-- Table structure for table `movie_genres`
--

CREATE TABLE `movie_genres` (
  `movie_id` int(11) NOT NULL,
  `genre_id` int(11) NOT NULL
) ENGINE=InnoDB DEFAULT CHARSET=utf8mb4 COLLATE=utf8mb4_general_ci;

--
-- Dumping data for table `movie_genres`
--

INSERT INTO `movie_genres` (`movie_id`, `genre_id`) VALUES
(1, 1),
(1, 2),
(1, 22),
(2, 1),
(2, 2),
(2, 25),
(3, 1),
(3, 2),
(3, 22),
(4, 1),
(4, 3),
(4, 11),
(5, 1),
(5, 25),
(6, 1),
(6, 13),
(6, 22),
(7, 1),
(7, 25),
(8, 1),
(8, 13),
(8, 22),
(9, 1),
(9, 2),
(9, 11),
(10, 4),
(10, 9),
(10, 12),
(11, 3),
(11, 5),
(11, 6),
(12, 1),
(12, 3),
(12, 16),
(13, 2),
(13, 3),
(13, 10),
(14, 3),
(14, 5),
(14, 9),
(15, 2),
(15, 3),
(15, 11),
(16, 2),
(16, 3),
(16, 16),
(17, 1),
(17, 13),
(17, 22),
(18, 2),
(18, 3),
(18, 9),
(19, 2),
(19, 22),
(19, 25),
(20, 9),
(20, 13),
(20, 22),
(21, 1),
(21, 25),
(22, 1),
(22, 6),
(22, 22),
(23, 2),
(23, 5),
(23, 10),
(24, 1),
(24, 2),
(24, 11),
(25, 9),
(25, 12),
(25, 27),
(26, 5),
(26, 13),
(26, 22),
(27, 9),
(27, 20),
(28, 1),
(28, 5),
(28, 6),
(29, 9),
(29, 18),
(29, 25),
(30, 1),
(30, 9),
(30, 10),
(31, 11),
(31, 13),
(31, 25),
(32, 1),
(32, 13),
(32, 25),
(33, 13),
(33, 25),
(34, 13),
(34, 25),
(35, 5),
(35, 21),
(36, 1),
(36, 5),
(37, 5),
(37, 13),
(38, 1),
(38, 2),
(38, 22),
(39, 1),
(39, 5),
(39, 25),
(40, 5),
(40, 10),
(41, 9),
(41, 22),
(41, 25),
(42, 2),
(42, 5),
(42, 10),
(43, 1),
(43, 9),
(43, 21),
(44, 1),
(44, 9),
(44, 25),
(45, 13),
(45, 25),
(46, 9),
(46, 21),
(46, 25),
(47, 9),
(47, 20),
(48, 1),
(48, 25),
(49, 1),
(49, 13),
(49, 25),
(50, 9),
(50, 20),
(51, 1),
(51, 5),
(51, 22),
(52, 1),
(52, 6),
(52, 25),
(53, 1),
(53, 9),
(53, 25),
(54, 9),
(54, 20),
(54, 22),
(55, 1),
(55, 2),
(55, 22),
(56, 4),
(56, 9),
(56, 16),
(57, 5),
(57, 9),
(57, 25),
(58, 11),
(58, 16),
(58, 20),
(59, 11),
(59, 16),
(59, 20),
(60, 9),
(60, 21),
(61, 1),
(61, 2),
(61, 11),
(62, 9),
(62, 13),
(62, 25),
(63, 2),
(63, 3),
(63, 10),
(64, 1),
(64, 5),
(64, 25),
(65, 1),
(65, 9),
(65, 27),
(66, 1),
(66, 2),
(66, 25),
(67, 22),
(67, 25),
(68, 13),
(68, 25),
(69, 9),
(69, 12),
(69, 20),
(70, 1),
(70, 2),
(70, 22),
(71, 2),
(71, 3),
(71, 18),
(72, 5),
(72, 11),
(72, 25),
(73, 5),
(73, 9),
(74, 2),
(74, 3),
(74, 5),
(75, 1),
(75, 2),
(75, 11),
(76, 4),
(76, 9),
(76, 12),
(77, 3),
(77, 5),
(77, 10),
(78, 2),
(78, 10),
(78, 11),
(79, 13),
(79, 18),
(79, 25),
(80, 2),
(80, 10),
(80, 11),
(81, 13),
(81, 25),
(82, 1),
(82, 2),
(82, 11),
(83, 1),
(83, 2),
(83, 22),
(84, 9),
(84, 18),
(84, 25),
(85, 1),
(85, 5),
(85, 10),
(86, 1),
(86, 13),
(86, 22),
(87, 2),
(87, 10),
(87, 11),
(88, 9),
(88, 25),
(89, 13),
(89, 25),
(90, 3),
(90, 5),
(90, 10),
(91, 5),
(91, 9),
(91, 22),
(92, 1),
(92, 25),
(93, 5),
(93, 9),
(94, 9),
(94, 20),
(95, 1),
(95, 22),
(96, 5),
(96, 9),
(97, 1),
(97, 3),
(97, 22),
(98, 2),
(98, 3),
(98, 11),
(99, 9),
(99, 11),
(99, 20),
(100, 9),
(100, 21),
(101, 3),
(101, 10),
(101, 13),
(102, 1),
(102, 2),
(102, 22),
(103, 3),
(103, 11),
(103, 16),
(104, 1),
(104, 2),
(104, 22),
(105, 2),
(105, 3),
(105, 16),
(106, 13),
(106, 25),
(107, 9),
(107, 21),
(108, 1),
(108, 6),
(108, 25),
(109, 13),
(109, 25),
(110, 6),
(110, 9),
(110, 25),
(111, 13),
(111, 25),
(112, 2),
(112, 5),
(112, 10),
(113, 3),
(113, 5),
(113, 10),
(114, 9),
(114, 25),
(115, 5),
(115, 20),
(116, 2),
(116, 3),
(116, 5),
(117, 2),
(117, 3),
(117, 9),
(118, 3),
(118, 9),
(118, 20),
(119, 13),
(119, 18),
(119, 25),
(120, 2),
(120, 3),
(120, 10),
(121, 2),
(121, 3),
(121, 5),
(122, 2),
(122, 3),
(122, 16),
(123, 2),
(123, 3),
(123, 10),
(124, 1),
(124, 13),
(124, 25),
(125, 5),
(126, 2),
(126, 3),
(126, 5),
(127, 9),
(127, 13),
(127, 18),
(128, 5),
(128, 9),
(128, 25),
(129, 1),
(129, 13),
(129, 22),
(130, 1),
(130, 5),
(130, 10),
(131, 2),
(131, 3),
(131, 22),
(132, 1),
(132, 2),
(132, 22),
(133, 1),
(133, 13),
(133, 25),
(134, 5),
(134, 20),
(135, 2),
(135, 3),
(135, 16),
(136, 5),
(136, 9),
(136, 20),
(137, 1),
(137, 2),
(137, 11),
(138, 9),
(138, 18),
(138, 25),
(139, 2),
(139, 3),
(139, 10),
(140, 9),
(140, 13),
(140, 22),
(141, 2),
(141, 10),
(141, 11),
(142, 3),
(142, 5),
(142, 10),
(143, 2),
(143, 10),
(143, 11),
(144, 9),
(144, 20),
(144, 21),
(145, 9),
(145, 25),
(146, 5),
(146, 9),
(146, 22),
(147, 1),
(147, 9),
(147, 22),
(148, 1),
(148, 2),
(148, 5),
(149, 1),
(149, 13),
(149, 22),
(150, 2),
(150, 3),
(150, 9);

-- --------------------------------------------------------

--
-- Table structure for table `movie_people`
--

CREATE TABLE `movie_people` (
  `id` int(11) NOT NULL,
  `name` varchar(255) NOT NULL
) ENGINE=InnoDB DEFAULT CHARSET=utf8mb4 COLLATE=utf8mb4_general_ci;

--
-- Dumping data for table `movie_people`
--

INSERT INTO `movie_people` (`id`, `name`) VALUES
(1, 'James Gunn'),
(2, 'David Corenswet'),
(3, 'Rachel Brosnahan'),
(4, 'Nicholas Hoult'),
(5, 'Christopher McQuarrie'),
(6, 'Tom Cruise'),
(7, 'Hayley Atwell'),
(8, 'Ving Rhames'),
(9, 'Gareth Edwards'),
(10, 'Scarlett Johansson'),
(11, 'Jonathan Bailey'),
(12, 'Rupert Friend'),
(13, 'Haruo Sotozaki'),
(14, 'Natsuki Hanae'),
(15, 'Akari Kitō'),
(16, 'Satoshi Hino'),
(17, 'Sean McNamara'),
(18, 'Michael Jai White'),
(19, 'Max Martini'),
(20, 'Brianna Hildebrand'),
(21, 'Shane Abbess'),
(22, 'Daniel MacPherson'),
(23, 'Grace Huang'),
(24, 'Luke Hemsworth'),
(25, 'Cheng Si-Yu'),
(26, 'Tony Jaa'),
(27, 'Steven Seagal'),
(28, 'Byron Haskin'),
(29, 'Gene Barry'),
(30, 'Ann Robinson'),
(31, 'Tom Cruise'),
(32, 'Dean DeBlois'),
(33, 'Mason Thames'),
(34, 'Nico Parker'),
(35, 'Gerard Butler'),
(36, 'Nick Hamm'),
(37, 'Claes Bang'),
(38, 'Connor Swindells'),
(39, 'Pierre Perifel'),
(40, 'Sam Rockwell'),
(41, 'Marc Maron'),
(42, 'Awkwafina'),
(43, 'Maggie Kang'),
(44, 'Chris Appelhans'),
(45, 'America Ferrera'),
(46, 'Jung Ho-yeon'),
(47, 'Domee Shi'),
(48, 'Madeline Sharafian'),
(49, 'Yonas Kibreab'),
(50, 'Zoe Saldaña'),
(51, 'Kelsey Mann'),
(52, 'Amy Poehler'),
(53, 'Maya Hawke'),
(54, 'Lewis Tan'),
(55, 'Jiaozi'),
(56, 'Lü Yanting'),
(57, 'Han Mo'),
(58, 'David Derrick Jr.'),
(59, 'Jason Hand'),
(60, 'Dana Ledoux Miller'),
(61, 'Auliʻi Cravalho'),
(62, 'Dwayne Johnson'),
(63, 'Dan Trachtenberg'),
(64, 'Boyd Holbrook'),
(65, 'Eka Darville'),
(66, 'Dane DiLiegro'),
(67, 'Barry Jenkins'),
(68, 'Aaron Pierre'),
(69, 'Kelvin Harrison Jr.'),
(70, 'Tiffany Boone'),
(71, 'Colin Trevorrow'),
(72, 'Paul Dano'),
(73, 'Laura Dern'),
(74, 'Sam Neill'),
(75, 'A.J. Rickert-Epstein'),
(76, 'Alex Puccinelli'),
(77, 'Steven Berkoff'),
(78, 'Chad Stahelski'),
(79, 'Ana de Armas'),
(80, 'Anjelica Huston'),
(81, 'Ian McShane'),
(82, 'Alex Proyas'),
(83, 'Tye Sheridan'),
(84, 'Thomasin McKenzie'),
(85, 'Oscar Isaac'),
(86, 'Dean Fleischer Camp'),
(87, 'Chris Sanders'),
(88, 'Sydney Agudong'),
(89, 'Billy Magnussen'),
(90, 'Wuershan'),
(91, 'Xu Kai'),
(92, 'Na Ran'),
(93, 'Chen Kun'),
(94, 'Shane Dax Taylor'),
(95, 'Kellan Lutz'),
(96, 'Aaron Eckhart'),
(97, 'Lucky McKee'),
(98, 'Gerard Johnstone'),
(99, 'Allison Williams'),
(100, 'Violet McGraw'),
(101, 'Ronny Yu'),
(102, 'Jenna Ortega'),
(103, 'Michael Cera'),
(104, 'Gus Van Sant'),
(105, 'Felicity Jones'),
(106, 'Hugh Bonneville'),
(107, 'Robert Altman'),
(108, 'Robin Williams'),
(109, 'Shelley Duvall'),
(110, 'Paul Thomas Anderson'),
(111, 'Ben Affleck'),
(112, 'Oscar Isaac'),
(113, 'Willem Dafoe'),
(114, 'Jonathan Liebesman'),
(115, 'Ralph Macchio'),
(116, 'Jackie Chan'),
(117, 'Ben Wang'),
(118, 'Marco Kreuzpaintner'),
(119, 'Adam Driver'),
(120, 'Golshifteh Farahani'),
(121, 'Nellie Andreeva'),
(122, 'Danny Boyle'),
(123, 'Cillian Murphy'),
(124, 'Naomie Harris'),
(125, 'Brendan Gleeson'),
(126, 'Jon Watts'),
(127, 'Tony Goldwyn'),
(128, 'Monica Bellucci'),
(129, 'Alex Ross Perry'),
(130, 'Jason Schwartzman'),
(131, 'Adam Sandler'),
(132, 'Julie Bowen'),
(133, 'Christopher McDonald'),
(134, 'Jesse Johnson'),
(135, 'Katrina Bowden'),
(136, 'Bruce Willis'),
(137, 'Steven LaMorte'),
(138, 'David Howard Thornton'),
(139, 'Amy Schumacher'),
(140, 'Jake Schreier'),
(141, 'Florence Pugh'),
(142, 'Sebastian Stan'),
(143, 'David Harbour'),
(144, 'Ilya Naishuller'),
(145, 'Bob Odenkirk'),
(146, 'Connie Nielsen'),
(147, 'Christopher Lloyd'),
(148, 'Nisha Ganatra'),
(149, 'Jamie Lee Curtis'),
(150, 'Lindsay Lohan'),
(151, 'Chad Faust'),
(152, 'Julia Stiles'),
(153, 'Liam Hemsworth'),
(154, 'Russell Crowe'),
(155, 'Jared Hess'),
(156, 'Jason Momoa'),
(157, 'Emma Myers'),
(158, 'Danielle Brooks'),
(159, 'Jerry Bruckheimer'),
(160, 'Brad Pitt'),
(161, 'Damson Idris'),
(162, 'Kerry Condon'),
(163, 'Gary Gray'),
(164, 'Jason Statham'),
(165, 'Megan Fox'),
(166, 'Isaac Florentine'),
(167, 'David Bruckner'),
(168, 'Rafe Spall'),
(169, 'Arsher Ali'),
(170, 'Robert James-Collier'),
(171, 'George Tillman Jr.'),
(172, 'Michael Shannon'),
(173, 'Imogen Poots'),
(174, 'Nicole Kidman'),
(175, 'Mercedes Ruehl'),
(176, 'Hany Abu-Assad'),
(177, 'Rami Malek'),
(178, 'Rachel Brosnahan'),
(179, 'Jon Bernthal'),
(180, 'James Nunn'),
(181, 'Neal McDonough'),
(182, 'Scott Adkins'),
(183, 'Stephen Follows'),
(184, 'James McAvoy'),
(185, 'Claire Foy'),
(186, 'Sharon Horgan'),
(187, 'Shawn Levy'),
(188, 'Ryan Reynolds'),
(189, 'Hugh Jackman'),
(190, 'Emma Corrin'),
(191, 'Gavin O\'Connor'),
(192, 'Ben Affleck'),
(193, 'Anna Kendrick'),
(194, 'J.K. Simmons'),
(195, 'Scott Derrickson'),
(196, 'Miles Teller'),
(197, 'Anya Taylor-Joy'),
(198, 'Sigourney Weaver'),
(199, 'Jack Huston'),
(200, 'Sophie Turner'),
(201, 'Rupert Friend'),
(202, 'Joss Whedon'),
(203, 'Robert Downey Jr.'),
(204, 'Chris Evans'),
(205, 'Scarlett Johansson'),
(206, 'Stefan Jarl'),
(207, 'Tim Bergling'),
(208, 'Carl Falk'),
(209, 'Bong Joon-ho'),
(210, 'Kang-ho Song'),
(211, 'Sun-kyun Lee'),
(212, 'Yeo-jeong Jo'),
(213, 'Michael Gracey'),
(214, 'Lea Michele'),
(215, 'Chloe Fineman'),
(216, 'Marc Webb'),
(217, 'Rachel Zegler'),
(218, 'Gal Gadot'),
(219, 'Andrew Burnap'),
(220, 'Bert Kish'),
(221, 'Tyler Posey'),
(222, 'Crystal Reed'),
(223, 'Taika Waititi'),
(224, 'Lupita Nyong\'o'),
(225, 'Pedro Pascal'),
(226, 'Catherine O\'Hara'),
(227, 'Coralie Fargeat'),
(228, 'Demi Moore'),
(229, 'Margaret Qualley'),
(230, 'Dennis Quaid'),
(231, 'Chris Sanders'),
(232, 'Lupita Nyong\'o'),
(233, 'Pedro Pascal'),
(234, 'Kit Connor'),
(235, 'Ilya Naishuller'),
(236, 'Bob Odenkirk'),
(237, 'Aleksey Serebryakov'),
(238, 'Connie Nielsen'),
(239, 'Alex Garland'),
(240, 'Will Poulter'),
(241, 'Anthony Boyle'),
(242, 'Almón Dickinson'),
(243, 'Lee Isaac Chung'),
(244, 'Daisy Edgar-Jones'),
(245, 'Glen Powell'),
(246, 'Anthony Ramos'),
(247, 'Liam O\'Donnell'),
(248, 'Neil Hopkins'),
(249, 'Noa Diehl'),
(250, 'Rodrigo Cortés'),
(251, 'James Wan'),
(252, 'Patrick Wilson'),
(253, 'Vera Farmiga'),
(254, 'Lili Taylor'),
(255, 'James Cameron'),
(256, 'Leonardo DiCaprio'),
(257, 'Kate Winslet'),
(258, 'Billy Zane'),
(259, 'James Cameron'),
(260, 'Sam Worthington'),
(261, 'Zoe Saldana'),
(262, 'Sigourney Weaver'),
(263, 'Gints Zilbalodis'),
(264, 'Ari Aster'),
(265, 'Paul Rudd'),
(266, 'Jenna Ortega'),
(267, 'Sean Baker'),
(268, 'Mikey Madison'),
(269, 'Mark Eydelshteyn'),
(270, 'Karren Karagulian'),
(271, 'Byron Howard'),
(272, 'Rich Moore'),
(273, 'Ginnifer Goodwin'),
(274, 'Jason Bateman'),
(275, 'Shakira'),
(276, 'Patty Jenkins'),
(277, 'Gal Gadot'),
(278, 'Chris Pine'),
(279, 'Robin Wright'),
(280, 'Christopher Nolan'),
(281, 'Cillian Murphy'),
(282, 'Emily Blunt'),
(283, 'Robert Downey Jr.'),
(284, 'Stephan Schesch'),
(285, 'Falk Schuster'),
(286, 'Dieter Hallervorden'),
(287, 'Tobi Baumann'),
(288, 'Andrew Adamson'),
(289, 'Georgie Henley'),
(290, 'Skandar Keynes'),
(291, 'William Moseley'),
(292, 'Steven Soderbergh'),
(293, 'Lucy Liu'),
(294, 'Julia Fox'),
(295, 'Chris Columbus'),
(296, 'Daniel Radcliffe'),
(297, 'Rupert Grint'),
(298, 'Emma Watson'),
(299, 'David F. Sandberg'),
(300, 'Ella Balinska'),
(301, 'Peter Stormare'),
(302, 'Milla Jovovich'),
(303, 'Dave Bautista'),
(304, 'Sam Raimi'),
(305, 'Tobey Maguire'),
(306, 'Kirsten Dunst'),
(307, 'Willem Dafoe'),
(308, 'Demián Bichir'),
(309, 'Aislinn Derbez'),
(310, 'Jake Kasdan'),
(311, 'Dwayne Johnson'),
(312, 'Chris Evans'),
(313, 'Lucy Liu'),
(314, 'Ridley Scott'),
(315, 'Sigourney Weaver'),
(316, 'Tom Skerritt'),
(317, 'Veronica Cartwright'),
(318, 'Mike Newell'),
(319, 'Daniel Radcliffe'),
(320, 'Emma Watson'),
(321, 'Rupert Grint'),
(322, 'Cedric Klapisch'),
(323, 'Dante Basco'),
(324, 'Theo James'),
(325, 'Oz Perkins'),
(326, 'Longlegs'),
(327, 'Maika Monroe'),
(328, 'Andrew Stanton'),
(329, 'Vicky Jenson'),
(330, 'Mike Myers'),
(331, 'Eddie Murphy'),
(332, 'Cameron Diaz'),
(333, 'Bong Joon-ho'),
(334, 'Robert Pattinson'),
(335, 'Tilda Swinton'),
(336, 'Steven Yeun'),
(337, 'Jesse Plemons'),
(338, 'Kirsten Dunst'),
(339, 'Benedict Cumberbatch'),
(340, 'Michael Gracey'),
(341, 'Anne Hathaway'),
(342, 'Nicholas Galitzine'),
(343, 'Ella Rubin'),
(344, 'Lana Wachowski'),
(345, 'Lilly Wachowski'),
(346, 'Keanu Reeves'),
(347, 'Laurence Fishburne'),
(348, 'Carrie-Anne Moss'),
(349, 'Bassam Tariq'),
(350, 'Riz Ahmed'),
(351, 'Alyy Khan'),
(352, 'Nimra Bucha'),
(353, 'Don Hall'),
(354, 'Chris Williams'),
(355, 'Ryan Potter'),
(356, 'Scott Adsit'),
(357, 'Jamie Chung'),
(358, 'Hayao Miyazaki'),
(359, 'Rumi Hiiragi'),
(360, 'Miyu Irino'),
(361, 'Mari Natsuki'),
(362, 'Catherine Hardwicke'),
(363, 'Kristen Stewart'),
(364, 'Robert Pattinson'),
(365, 'Taylor Lautner'),
(366, 'Fisher Stevens'),
(367, 'Justin Timberlake'),
(368, 'Juno Temple'),
(369, 'Alisha Wainwright'),
(370, 'Henry Selick'),
(371, 'Dakota Fanning'),
(372, 'Teri Hatcher'),
(373, 'Jennifer Saunders'),
(374, 'Denis Villeneuve'),
(375, 'Timothée Chalamet'),
(376, 'Rebecca Ferguson'),
(377, 'Oscar Isaac'),
(378, 'Tim Burton'),
(379, 'Johnny Depp'),
(380, 'Helena Bonham Carter'),
(381, 'Emily Watson'),
(382, 'Anthony Russo'),
(383, 'Joe Russo'),
(384, 'Robert Downey Jr.'),
(385, 'Chris Evans'),
(386, 'Mark Ruffalo'),
(387, 'Nathan Greno'),
(388, 'Byron Howard'),
(389, 'Mandy Moore'),
(390, 'Zachary Levi'),
(391, 'Donna Murphy'),
(392, 'Parker Finn'),
(393, 'Sosie Bacon'),
(394, 'Jessie T. Usher'),
(395, 'Kyle Gallner'),
(396, 'George Nolfi'),
(397, 'Jonathan Majors'),
(398, 'Glen Powell'),
(399, 'Issa Rae'),
(400, 'Tom Hardy'),
(401, 'Michelle Williams'),
(402, 'Riz Ahmed'),
(403, 'Robert Eggers'),
(404, 'Bill Skarsgård'),
(405, 'Nicholas Hoult'),
(406, 'Lily-Rose Depp'),
(407, 'Todd Phillips'),
(408, 'Joaquin Phoenix'),
(409, 'Robert De Niro'),
(410, 'Zazie Beetz'),
(411, 'André Øvredal'),
(412, 'Corin Hardy'),
(413, 'Demián Bichir'),
(414, 'Taissa Farmiga'),
(415, 'Jonas Rivera'),
(416, 'John Krasinski'),
(417, 'Cailey Fleming'),
(418, 'Ryan Reynolds'),
(419, 'Phoebe Waller-Bridge'),
(420, 'Brad Bird'),
(421, 'Patton Oswalt'),
(422, 'Ian Holm'),
(423, 'Lou Romano'),
(424, 'Ron Howard'),
(425, 'Ana de Armas'),
(426, 'Vanessa Kirby'),
(427, 'Sydney Sweeney'),
(428, 'Alexander Payne'),
(429, 'Paul Giamatti'),
(430, 'Da\'Vine Joy Randolph'),
(431, 'Dominic Sessa'),
(432, 'Ray Romano'),
(433, 'John Leguizamo'),
(434, 'Denis Leary'),
(435, 'Pete Docter'),
(436, 'Ed Asner'),
(437, 'Christopher Plummer'),
(438, 'Jordan Nagai'),
(439, 'Makoto Shinkai'),
(440, 'Ryunosuke Kamiki'),
(441, 'Mone Kamishiraishi'),
(442, 'Masami Nagasawa'),
(443, 'Corin Hardy'),
(444, 'Demián Bichir'),
(445, 'Taissa Farmiga'),
(446, 'Jonas Cuarón'),
(447, 'Andrew Stanton'),
(448, 'Albert Brooks'),
(449, 'Ellen DeGeneres'),
(450, 'Alexander Gould'),
(451, 'Mark Dindal'),
(452, 'Chris Pratt'),
(453, 'Samuel L. Jackson'),
(454, 'Hannah Waddingham'),
(455, 'Jared Bush'),
(456, 'Byron Howard'),
(457, 'Stephanie Beatriz'),
(458, 'María Cecilia Botero'),
(459, 'John Leguizamo'),
(460, 'Peter Sohn'),
(461, 'Leah Lewis'),
(462, 'Mamoudou Athie'),
(463, 'Ronnie Del Carmen'),
(464, 'Steven Spielberg'),
(465, 'Roy Scheider'),
(466, 'Robert Shaw'),
(467, 'Richard Dreyfuss'),
(468, 'Keenen Ivory Wayans'),
(469, 'Shawn Wayans'),
(470, 'Marlon Wayans'),
(471, 'Terry Crews'),
(472, 'Mike Thurmeier'),
(473, 'Kumail Nanjiani'),
(474, 'Elizabeth Banks'),
(475, 'Caspar Jennings'),
(476, 'Scott Beck'),
(477, 'Bryan Woods'),
(478, 'Hugh Grant'),
(479, 'Sophie Thatcher'),
(480, 'Chloe East'),
(481, 'Jack Thorne'),
(482, 'Steve Carell'),
(483, 'Kristen Wiig'),
(484, 'Trey Edward Shults'),
(485, 'Tom Hardy'),
(486, 'Austin Butler'),
(487, 'Jodie Comer'),
(488, 'Jackie Chan'),
(489, 'Wei Fan'),
(490, 'Shi Pengyuan'),
(491, 'Andrew Stanton'),
(492, 'Ben Burtt'),
(493, 'Elissa Knight'),
(494, 'Jeff Garlin'),
(495, 'Andy Muschietti'),
(496, 'Ezra Miller'),
(497, 'Michael Keaton'),
(498, 'Sasha Calle'),
(499, 'Jon Turteltaub'),
(500, 'Jason Statham'),
(501, 'Li Bingbing'),
(502, 'Rainn Wilson'),
(503, 'Will Gluck'),
(504, 'Sydney Sweeney'),
(505, 'Glen Powell'),
(506, 'Alexandra Shipp'),
(507, 'Tony Bancroft'),
(508, 'Barry Cook'),
(509, 'Ming-Na Wen'),
(510, 'Eddie Murphy'),
(511, 'BD Wong'),
(512, 'Jean-Pierre Jeunet'),
(513, 'Audrey Tautou'),
(514, 'Mathieu Kassovitz'),
(515, 'Rufus Sewell'),
(516, 'Scott Derrickson'),
(517, 'Benedict Cumberbatch'),
(518, 'Tilda Swinton'),
(519, 'Chiwetel Ejiofor'),
(520, 'Anya Adams'),
(521, 'Boris Khlebnikov'),
(522, 'Peggy Holmes'),
(523, 'Eva Noblezada'),
(524, 'Simon Pegg'),
(525, 'Jane Fonda'),
(526, 'S.K. Dale'),
(527, 'Megan Fox'),
(528, 'Michele Morrone'),
(529, 'Madeline Zima'),
(530, 'Robert Stromberg'),
(531, 'Angelina Jolie'),
(532, 'Elle Fanning'),
(533, 'Sharlto Copley'),
(534, 'Domee Shi'),
(535, 'Rosalie Chiang'),
(536, 'Sandra Oh'),
(537, 'Ava Morse'),
(538, 'Tim Burton'),
(539, 'Mia Wasikowska'),
(540, 'Johnny Depp'),
(541, 'Helena Bonham Carter'),
(542, 'Luca Guadagnino'),
(543, 'Zendaya'),
(544, 'Josh O\'Connor'),
(545, 'Mike Faist'),
(546, 'Scott Mann'),
(547, 'Grace Caroline Currey'),
(548, 'Virginia Gardner'),
(549, 'Mason Gooding'),
(550, 'Yorgos Lanthimos'),
(551, 'Emma Stone'),
(552, 'Mark Ruffalo'),
(553, 'Willem Dafoe'),
(554, 'Hideaki Anno'),
(555, 'Hiroki Hasegawa'),
(556, 'Yutaka Takenouchi'),
(557, 'Satomi Ishihara'),
(558, 'Jeff Fowler'),
(559, 'Ben Schwartz'),
(560, 'James Marsden'),
(561, 'Tika Sumpter'),
(562, 'Dan Trachtenberg'),
(563, 'Amber Midthunder'),
(564, 'Dakota Beavers'),
(565, 'Dane DiLiegro'),
(566, 'Enrico Casarosa'),
(567, 'Jacob Tremblay'),
(568, 'Jack Dylan Grazer'),
(569, 'Emma Berman'),
(570, 'Chris Wedge');

-- --------------------------------------------------------

--
-- Table structure for table `ratings_reviews`
--

CREATE TABLE `ratings_reviews` (
  `id` int(11) NOT NULL,
  `user_id` int(11) DEFAULT NULL,
  `movie_id` int(11) DEFAULT NULL,
  `rating` int(11) DEFAULT NULL CHECK (`rating` between 1 and 5),
  `review` text DEFAULT NULL,
  `created_at` timestamp NOT NULL DEFAULT current_timestamp()
) ENGINE=InnoDB DEFAULT CHARSET=utf8mb4 COLLATE=utf8mb4_general_ci;

--
-- Dumping data for table `ratings_reviews`
--

INSERT INTO `ratings_reviews` (`id`, `user_id`, `movie_id`, `rating`, `review`, `created_at`) VALUES
(66, 4, 13, 5, 'Weak', '2025-08-21 12:50:41'),
(67, 4, 58, 2, 'Amazing', '2025-08-21 12:50:41'),
(68, 4, 49, 2, 'Nice', '2025-08-21 12:50:41'),
(69, 4, 82, 2, 'Weak', '2025-08-21 12:50:41'),
(70, 4, 129, 3, 'Nice', '2025-08-21 12:50:41'),
(71, 4, 95, 4, 'Bad', '2025-08-21 12:50:41'),
(72, 4, 6, 4, 'Not bad', '2025-08-21 12:50:41'),
(73, 4, 32, 4, 'Bad', '2025-08-21 12:50:41'),
(74, 4, 64, 1, 'Good', '2025-08-21 12:50:41'),
(75, 4, 96, 2, 'Superb', '2025-08-21 12:50:41'),
(76, 4, 1, 5, 'Not bad', '2025-08-21 12:50:41'),
(77, 4, 53, 1, 'Meh', '2025-08-21 12:50:41'),
(78, 4, 19, 4, 'Weak', '2025-08-21 12:50:41'),
(79, 4, 61, 4, 'Superb', '2025-08-21 12:50:41'),
(80, 4, 8, 5, 'Nice', '2025-08-21 12:50:41'),
(81, 4, 41, 1, 'Meh', '2025-08-21 12:50:41'),
(82, 4, 68, 1, 'Okay', '2025-08-21 12:50:41'),
(83, 4, 2, 5, 'Nice', '2025-08-21 12:50:41'),
(84, 4, 115, 5, 'Solid', '2025-08-21 12:50:41'),
(85, 4, 51, 1, 'Okay', '2025-08-21 12:50:41'),
(86, 4, 39, 5, 'Good', '2025-08-21 12:50:41'),
(87, 4, 84, 1, 'Okay', '2025-08-21 12:50:41'),
(88, 4, 102, 1, 'Cool', '2025-08-21 12:50:41'),
(89, 4, 126, 5, 'Amazing', '2025-08-21 12:50:41'),
(90, 4, 74, 4, 'Good', '2025-08-21 12:50:41'),
(91, 4, 92, 2, 'Superb', '2025-08-21 12:50:41'),
(92, 5, 112, 5, 'Great', '2025-08-21 12:50:41'),
(93, 5, 70, 1, 'Weak', '2025-08-21 12:50:41'),
(94, 5, 100, 5, 'Good', '2025-08-21 12:50:41'),
(95, 5, 47, 5, 'Nice', '2025-08-21 12:50:41'),
(96, 5, 28, 1, 'Solid', '2025-08-21 12:50:41'),
(97, 5, 79, 2, 'Cool', '2025-08-21 12:50:41'),
(98, 5, 20, 3, 'Great', '2025-08-21 12:50:41'),
(99, 5, 75, 5, 'Nice', '2025-08-21 12:50:41'),
(100, 5, 89, 5, 'Great', '2025-08-21 12:50:41'),
(101, 5, 74, 5, 'Nice', '2025-08-21 12:50:41'),
(102, 5, 6, 1, 'Superb', '2025-08-21 12:50:41'),
(103, 5, 117, 5, 'Nice', '2025-08-21 12:50:41'),
(104, 5, 43, 1, 'Weak', '2025-08-21 12:50:41'),
(105, 5, 116, 2, 'Good', '2025-08-21 12:50:41'),
(106, 6, 68, 1, 'Amazing', '2025-08-21 12:50:41'),
(107, 6, 48, 3, 'Great', '2025-08-21 12:50:41'),
(108, 6, 6, 4, 'Great', '2025-08-21 12:50:41'),
(109, 6, 73, 4, 'Boring', '2025-08-21 12:50:41'),
(110, 6, 27, 4, 'Loved it', '2025-08-21 12:50:41'),
(111, 6, 116, 5, 'Weak', '2025-08-21 12:50:41'),
(112, 6, 130, 1, 'Superb', '2025-08-21 12:50:41'),
(113, 6, 92, 2, 'Bad', '2025-08-21 12:50:41'),
(114, 6, 40, 2, 'Cool', '2025-08-21 12:50:41'),
(115, 6, 61, 4, 'Great', '2025-08-21 12:50:41'),
(116, 7, 118, 4, 'Superb', '2025-08-21 12:50:41'),
(117, 7, 59, 1, 'Amazing', '2025-08-21 12:50:41'),
(118, 7, 108, 1, 'Amazing', '2025-08-21 12:50:41'),
(119, 7, 14, 2, 'Superb', '2025-08-21 12:50:41'),
(120, 7, 33, 5, 'Boring', '2025-08-21 12:50:41'),
(121, 7, 68, 2, 'Solid', '2025-08-21 12:50:41'),
(122, 7, 13, 5, 'Weak', '2025-08-21 12:50:41'),
(123, 7, 48, 2, 'Good', '2025-08-21 12:50:41'),
(124, 7, 39, 4, 'Solid', '2025-08-21 12:50:41'),
(125, 7, 78, 1, 'Meh', '2025-08-21 12:50:41'),
(126, 7, 75, 3, 'Good', '2025-08-21 12:50:41'),
(127, 7, 115, 5, 'Okay', '2025-08-21 12:50:41'),
(128, 7, 89, 4, 'Not bad', '2025-08-21 12:50:41'),
(129, 7, 104, 5, 'Okay', '2025-08-21 12:50:41'),
(130, 7, 88, 2, 'Nice', '2025-08-21 12:50:41'),
(131, 7, 83, 5, 'Amazing', '2025-08-21 12:50:41'),
(132, 7, 29, 4, 'Solid', '2025-08-21 12:50:41'),
(133, 7, 73, 4, 'Fun', '2025-08-21 12:50:41'),
(134, 7, 64, 3, 'Superb', '2025-08-21 12:50:41'),
(135, 7, 122, 1, 'Great', '2025-08-21 12:50:41'),
(136, 7, 61, 5, 'Solid', '2025-08-21 12:50:41'),
(137, 7, 16, 3, 'Meh', '2025-08-21 12:50:41'),
(138, 7, 82, 4, 'Bad', '2025-08-21 12:50:41'),
(139, 7, 120, 5, 'Meh', '2025-08-21 12:50:41'),
(140, 7, 18, 5, 'Meh', '2025-08-21 12:50:41'),
(141, 7, 96, 1, 'Solid', '2025-08-21 12:50:41'),
(142, 7, 123, 4, 'Solid', '2025-08-21 12:50:41'),
(143, 7, 37, 5, 'Great', '2025-08-21 12:50:41'),
(144, 7, 47, 3, 'Amazing', '2025-08-21 12:50:41'),
(145, 7, 3, 1, 'Good', '2025-08-21 12:50:41'),
(146, 8, 113, 4, 'Cool', '2025-08-21 12:50:41'),
(147, 8, 85, 5, 'Not bad', '2025-08-21 12:50:41'),
(148, 8, 12, 1, 'Amazing', '2025-08-21 12:50:41'),
(149, 8, 29, 3, 'Superb', '2025-08-21 12:50:41'),
(150, 8, 105, 5, 'Superb', '2025-08-21 12:50:41'),
(151, 8, 102, 1, 'Bad', '2025-08-21 12:50:41'),
(152, 8, 44, 4, 'Great', '2025-08-21 12:50:41'),
(153, 8, 98, 2, 'Good', '2025-08-21 12:50:41'),
(154, 8, 74, 3, 'Cool', '2025-08-21 12:50:41'),
(155, 8, 17, 3, 'Good', '2025-08-21 12:50:41'),
(156, 8, 56, 5, 'Nice', '2025-08-21 12:50:41'),
(157, 8, 123, 2, 'Fun', '2025-08-21 12:50:41'),
(158, 8, 43, 5, 'Superb', '2025-08-21 12:50:41'),
(159, 8, 121, 1, 'Boring', '2025-08-21 12:50:41'),
(160, 8, 69, 5, 'Superb', '2025-08-21 12:50:41'),
(161, 8, 83, 4, 'Meh', '2025-08-21 12:50:41'),
(162, 8, 111, 4, 'Cool', '2025-08-21 12:50:41'),
(163, 8, 73, 3, 'Superb', '2025-08-21 12:50:41'),
(164, 8, 78, 4, 'Weak', '2025-08-21 12:50:41'),
(165, 8, 120, 1, 'Amazing', '2025-08-21 12:50:41'),
(166, 8, 81, 2, 'Okay', '2025-08-21 12:50:41'),
(167, 8, 119, 4, 'Good', '2025-08-21 12:50:41'),
(168, 8, 57, 4, 'Meh', '2025-08-21 12:50:41'),
(169, 8, 62, 2, 'Loved it', '2025-08-21 12:50:41'),
(170, 8, 64, 3, 'Bad', '2025-08-21 12:50:41'),
(171, 8, 80, 5, 'Meh', '2025-08-21 12:50:41'),
(172, 8, 20, 2, 'Loved it', '2025-08-21 12:50:41'),
(173, 8, 114, 5, 'Not bad', '2025-08-21 12:50:41'),
(174, 8, 22, 4, 'Boring', '2025-08-21 12:50:41'),
(175, 8, 23, 4, 'Bad', '2025-08-21 12:50:41'),
(176, 8, 38, 2, 'Solid', '2025-08-21 12:50:41'),
(177, 8, 75, 3, 'Superb', '2025-08-21 12:50:41'),
(178, 9, 55, 3, 'Great', '2025-08-21 12:50:41'),
(179, 9, 73, 1, 'Weak', '2025-08-21 12:50:41'),
(180, 9, 89, 3, 'Weak', '2025-08-21 12:50:41'),
(181, 9, 29, 5, 'Good', '2025-08-21 12:50:41'),
(182, 9, 61, 3, 'Good', '2025-08-21 12:50:41'),
(183, 9, 65, 2, 'Fun', '2025-08-21 12:50:41'),
(184, 9, 114, 5, 'Good', '2025-08-21 12:50:41'),
(185, 9, 10, 4, 'Loved it', '2025-08-21 12:50:41'),
(186, 9, 63, 1, 'Not bad', '2025-08-21 12:50:41'),
(187, 9, 129, 3, 'Solid', '2025-08-21 12:50:41'),
(188, 9, 59, 5, 'Good', '2025-08-21 12:50:41'),
(189, 9, 40, 2, 'Great', '2025-08-21 12:50:41'),
(190, 9, 49, 3, 'Superb', '2025-08-21 12:50:41'),
(191, 9, 83, 5, 'Good', '2025-08-21 12:50:41'),
(192, 9, 5, 5, 'Boring', '2025-08-21 12:50:41'),
(193, 9, 127, 4, 'Amazing', '2025-08-21 12:50:41'),
(194, 9, 8, 1, 'Boring', '2025-08-21 12:50:41'),
(195, 9, 23, 2, 'Good', '2025-08-21 12:50:41'),
(196, 9, 118, 4, 'Bad', '2025-08-21 12:50:41'),
(197, 9, 68, 4, 'Amazing', '2025-08-21 12:50:41'),
(198, 9, 103, 1, 'Solid', '2025-08-21 12:50:41'),
(199, 9, 93, 4, 'Solid', '2025-08-21 12:50:41'),
(200, 9, 110, 2, 'Weak', '2025-08-21 12:50:41'),
(201, 9, 26, 4, 'Good', '2025-08-21 12:50:41'),
(202, 9, 54, 1, 'Good', '2025-08-21 12:50:41'),
(203, 9, 90, 5, 'Bad', '2025-08-21 12:50:41'),
(204, 9, 21, 4, 'Okay', '2025-08-21 12:50:41'),
(205, 9, 121, 4, 'Amazing', '2025-08-21 12:50:41'),
(206, 9, 122, 2, 'Boring', '2025-08-21 12:50:41'),
(207, 9, 71, 5, 'Fun', '2025-08-21 12:50:41'),
(208, 9, 25, 1, 'Fun', '2025-08-21 12:50:41'),
(209, 10, 9, 4, 'Great', '2025-08-21 12:50:41'),
(210, 10, 37, 4, 'Fun', '2025-08-21 12:50:41'),
(211, 10, 110, 4, 'Good', '2025-08-21 12:50:41'),
(212, 10, 80, 2, 'Cool', '2025-08-21 12:50:41'),
(213, 10, 97, 4, 'Loved it', '2025-08-21 12:50:41'),
(214, 10, 88, 4, 'Good', '2025-08-21 12:50:41'),
(215, 10, 38, 3, 'Okay', '2025-08-21 12:50:41'),
(216, 10, 94, 5, 'Loved it', '2025-08-21 12:50:41'),
(217, 10, 78, 2, 'Amazing', '2025-08-21 12:50:41'),
(218, 10, 95, 3, 'Boring', '2025-08-21 12:50:41'),
(219, 10, 128, 1, 'Weak', '2025-08-21 12:50:41'),
(220, 10, 82, 4, 'Fun', '2025-08-21 12:50:41'),
(221, 10, 12, 4, 'Nice', '2025-08-21 12:50:41'),
(222, 10, 52, 3, 'Amazing', '2025-08-21 12:50:41'),
(223, 10, 119, 5, 'Boring', '2025-08-21 12:50:41'),
(224, 10, 120, 1, 'Loved it', '2025-08-21 12:50:41'),
(225, 10, 6, 1, 'Superb', '2025-08-21 12:50:41'),
(226, 10, 24, 2, 'Good', '2025-08-21 12:50:41'),
(227, 10, 104, 3, 'Bad', '2025-08-21 12:50:41'),
(228, 10, 73, 2, 'Not bad', '2025-08-21 12:50:41'),
(229, 10, 102, 3, 'Boring', '2025-08-21 12:50:41'),
(230, 10, 69, 1, 'Good', '2025-08-21 12:50:41'),
(231, 10, 19, 1, 'Not bad', '2025-08-21 12:50:41'),
(232, 10, 65, 5, 'Good', '2025-08-21 12:50:41'),
(233, 10, 10, 3, 'Solid', '2025-08-21 12:50:41'),
(234, 10, 2, 4, 'Great', '2025-08-21 12:50:41'),
(235, 10, 121, 3, 'Amazing', '2025-08-21 12:50:41'),
(236, 10, 103, 3, 'Nice', '2025-08-21 12:50:41'),
(237, 10, 71, 5, 'Cool', '2025-08-21 12:50:41'),
(238, 10, 125, 2, 'Weak', '2025-08-21 12:50:41'),
(239, 11, 49, 1, 'Not bad', '2025-08-21 12:50:41'),
(240, 11, 45, 4, 'Nice', '2025-08-21 12:50:41'),
(241, 11, 87, 1, 'Weak', '2025-08-21 12:50:41'),
(242, 11, 9, 1, 'Not bad', '2025-08-21 12:50:41'),
(243, 11, 32, 1, 'Fun', '2025-08-21 12:50:41'),
(244, 11, 18, 4, 'Weak', '2025-08-21 12:50:41'),
(245, 11, 75, 1, 'Weak', '2025-08-21 12:50:41'),
(246, 11, 112, 2, 'Loved it', '2025-08-21 12:50:41'),
(247, 11, 4, 4, 'Fun', '2025-08-21 12:50:41'),
(248, 11, 40, 4, 'Fun', '2025-08-21 12:50:41'),
(249, 11, 52, 5, 'Loved it', '2025-08-21 12:50:41'),
(250, 11, 93, 1, 'Superb', '2025-08-21 12:50:41'),
(251, 11, 94, 1, 'Okay', '2025-08-21 12:50:41'),
(252, 11, 88, 4, 'Superb', '2025-08-21 12:50:41'),
(253, 11, 22, 1, 'Weak', '2025-08-21 12:50:41'),
(254, 11, 91, 3, 'Superb', '2025-08-21 12:50:41'),
(255, 11, 107, 3, 'Cool', '2025-08-21 12:50:41'),
(256, 11, 100, 1, 'Boring', '2025-08-21 12:50:41'),
(257, 11, 35, 1, 'Good', '2025-08-21 12:50:41'),
(258, 11, 127, 1, 'Nice', '2025-08-21 12:50:41'),
(259, 11, 106, 5, 'Okay', '2025-08-21 12:50:41'),
(260, 11, 89, 3, 'Cool', '2025-08-21 12:50:41'),
(261, 11, 21, 5, 'Superb', '2025-08-21 12:50:41'),
(262, 11, 6, 1, 'Loved it', '2025-08-21 12:50:41'),
(263, 12, 64, 5, 'Okay', '2025-08-21 12:50:41'),
(264, 12, 79, 2, 'Great', '2025-08-21 12:50:41'),
(265, 12, 63, 3, 'Loved it', '2025-08-21 12:50:41'),
(266, 12, 122, 2, 'Bad', '2025-08-21 12:50:41'),
(267, 12, 72, 2, 'Solid', '2025-08-21 12:50:41'),
(268, 12, 21, 5, 'Loved it', '2025-08-21 12:50:41'),
(269, 12, 29, 5, 'Boring', '2025-08-21 12:50:41'),
(270, 12, 103, 4, 'Boring', '2025-08-21 12:50:41'),
(271, 12, 94, 3, 'Great', '2025-08-21 12:50:41'),
(272, 12, 59, 1, 'Fun', '2025-08-21 12:50:41'),
(273, 12, 18, 3, 'Solid', '2025-08-21 12:50:41'),
(274, 12, 83, 4, 'Okay', '2025-08-21 12:50:41'),
(275, 12, 60, 3, 'Fun', '2025-08-21 12:50:41'),
(276, 12, 95, 5, 'Cool', '2025-08-21 12:50:41'),
(277, 12, 17, 1, 'Weak', '2025-08-21 12:50:41'),
(278, 12, 49, 4, 'Meh', '2025-08-21 12:50:41'),
(279, 12, 32, 2, 'Not bad', '2025-08-21 12:50:41'),
(280, 12, 4, 5, 'Amazing', '2025-08-21 12:50:41'),
(281, 12, 113, 1, 'Bad', '2025-08-21 12:50:41'),
(282, 12, 62, 2, 'Not bad', '2025-08-21 12:50:41'),
(283, 12, 38, 4, 'Solid', '2025-08-21 12:50:41'),
(284, 12, 73, 5, 'Loved it', '2025-08-21 12:50:41'),
(285, 13, 98, 4, 'Loved it', '2025-08-21 12:50:41'),
(286, 13, 104, 5, 'Great', '2025-08-21 12:50:41'),
(287, 13, 13, 3, 'Weak', '2025-08-21 12:50:41'),
(288, 13, 116, 2, 'Okay', '2025-08-21 12:50:41'),
(289, 13, 105, 1, 'Fun', '2025-08-21 12:50:41'),
(290, 13, 66, 5, 'Okay', '2025-08-21 12:50:41'),
(291, 13, 106, 3, 'Fun', '2025-08-21 12:50:41'),
(292, 13, 33, 1, 'Great', '2025-08-21 12:50:41'),
(293, 13, 3, 2, 'Bad', '2025-08-21 12:50:41'),
(294, 13, 48, 5, 'Not bad', '2025-08-21 12:50:41'),
(295, 13, 30, 4, 'Fun', '2025-08-21 12:50:41'),
(296, 13, 34, 1, 'Superb', '2025-08-21 12:50:41'),
(297, 13, 51, 4, 'Good', '2025-08-21 12:50:41'),
(298, 13, 97, 2, 'Weak', '2025-08-21 12:50:41'),
(299, 13, 75, 2, 'Meh', '2025-08-21 12:50:41'),
(300, 13, 99, 3, 'Solid', '2025-08-21 12:50:41'),
(301, 13, 131, 5, 'Weak', '2025-08-21 12:50:41'),
(302, 13, 127, 2, 'Meh', '2025-08-21 12:50:41'),
(303, 13, 17, 4, 'Fun', '2025-08-21 12:50:41'),
(304, 13, 53, 5, 'Great', '2025-08-21 12:50:41'),
(305, 14, 123, 5, 'Boring', '2025-08-21 12:50:41'),
(306, 14, 17, 2, 'Cool', '2025-08-21 12:50:41'),
(307, 14, 33, 2, 'Fun', '2025-08-21 12:50:41'),
(308, 14, 67, 1, 'Meh', '2025-08-21 12:50:41'),
(309, 14, 2, 3, 'Bad', '2025-08-21 12:50:41'),
(310, 14, 62, 3, 'Bad', '2025-08-21 12:50:41'),
(311, 14, 8, 4, 'Not bad', '2025-08-21 12:50:41'),
(312, 14, 15, 4, 'Amazing', '2025-08-21 12:50:41'),
(313, 14, 50, 4, 'Nice', '2025-08-21 12:50:41'),
(314, 14, 68, 1, 'Amazing', '2025-08-21 12:50:41'),
(315, 14, 20, 2, 'Not bad', '2025-08-21 12:50:41'),
(316, 14, 39, 4, 'Amazing', '2025-08-21 12:50:41'),
(317, 14, 34, 4, 'Superb', '2025-08-21 12:50:41'),
(318, 14, 101, 1, 'Weak', '2025-08-21 12:50:41'),
(319, 14, 76, 4, 'Okay', '2025-08-21 12:50:41'),
(320, 14, 80, 5, 'Not bad', '2025-08-21 12:50:41'),
(321, 15, 110, 2, 'Superb', '2025-08-21 12:50:41'),
(322, 15, 121, 4, 'Cool', '2025-08-21 12:50:41'),
(323, 15, 92, 3, 'Loved it', '2025-08-21 12:50:41'),
(324, 15, 84, 2, 'Solid', '2025-08-21 12:50:41'),
(325, 15, 48, 2, 'Not bad', '2025-08-21 12:50:41'),
(326, 15, 22, 1, 'Loved it', '2025-08-21 12:50:41'),
(327, 15, 42, 5, 'Solid', '2025-08-21 12:50:41'),
(328, 15, 80, 3, 'Good', '2025-08-21 12:50:41'),
(329, 15, 88, 5, 'Fun', '2025-08-21 12:50:41'),
(330, 15, 58, 3, 'Loved it', '2025-08-21 12:50:41'),
(331, 15, 55, 5, 'Solid', '2025-08-21 12:50:41'),
(332, 16, 40, 1, 'Superb', '2025-08-21 12:50:41'),
(333, 16, 9, 2, 'Weak', '2025-08-21 12:50:41'),
(334, 16, 125, 4, 'Boring', '2025-08-21 12:50:41'),
(335, 16, 72, 3, 'Amazing', '2025-08-21 12:50:41'),
(336, 16, 60, 5, 'Loved it', '2025-08-21 12:50:41'),
(337, 16, 18, 5, 'Loved it', '2025-08-21 12:50:41'),
(338, 16, 69, 3, 'Fun', '2025-08-21 12:50:41'),
(339, 16, 89, 2, 'Nice', '2025-08-21 12:50:41'),
(340, 16, 120, 5, 'Good', '2025-08-21 12:50:41'),
(341, 16, 47, 5, 'Meh', '2025-08-21 12:50:41'),
(342, 16, 82, 1, 'Okay', '2025-08-21 12:50:41'),
(343, 16, 114, 2, 'Fun', '2025-08-21 12:50:41'),
(344, 16, 56, 5, 'Bad', '2025-08-21 12:50:41'),
(345, 16, 50, 3, 'Good', '2025-08-21 12:50:41'),
(346, 16, 28, 5, 'Bad', '2025-08-21 12:50:41'),
(347, 16, 129, 5, 'Great', '2025-08-21 12:50:41'),
(348, 16, 79, 5, 'Nice', '2025-08-21 12:50:41'),
(349, 16, 7, 5, 'Nice', '2025-08-21 12:50:41'),
(350, 16, 75, 3, 'Loved it', '2025-08-21 12:50:41'),
(351, 17, 51, 4, 'Solid', '2025-08-21 12:50:41'),
(352, 17, 2, 5, 'Nice', '2025-08-21 12:50:41'),
(353, 17, 76, 2, 'Superb', '2025-08-21 12:50:41'),
(354, 17, 42, 2, 'Not bad', '2025-08-21 12:50:41'),
(355, 17, 48, 2, 'Amazing', '2025-08-21 12:50:41'),
(356, 17, 22, 2, 'Boring', '2025-08-21 12:50:41'),
(357, 17, 28, 4, 'Weak', '2025-08-21 12:50:41'),
(358, 17, 35, 5, 'Superb', '2025-08-21 12:50:41'),
(359, 17, 24, 4, 'Cool', '2025-08-21 12:50:41'),
(360, 17, 67, 3, 'Nice', '2025-08-21 12:50:41'),
(361, 17, 89, 4, 'Okay', '2025-08-21 12:50:41'),
(362, 17, 118, 1, 'Boring', '2025-08-21 12:50:41'),
(363, 17, 107, 4, 'Cool', '2025-08-21 12:50:41'),
(364, 17, 114, 2, 'Amazing', '2025-08-21 12:50:41'),
(365, 17, 47, 2, 'Amazing', '2025-08-21 12:50:41'),
(366, 17, 34, 3, 'Superb', '2025-08-21 12:50:41'),
(367, 17, 14, 5, 'Solid', '2025-08-21 12:50:41'),
(368, 17, 94, 5, 'Weak', '2025-08-21 12:50:41'),
(369, 17, 66, 2, 'Superb', '2025-08-21 12:50:41'),
(370, 17, 111, 4, 'Amazing', '2025-08-21 12:50:41'),
(371, 17, 52, 3, 'Solid', '2025-08-21 12:50:41'),
(372, 17, 59, 4, 'Bad', '2025-08-21 12:50:41'),
(373, 17, 45, 2, 'Solid', '2025-08-21 12:50:41'),
(374, 17, 110, 4, 'Great', '2025-08-21 12:50:41'),
(375, 17, 91, 5, 'Cool', '2025-08-21 12:50:41'),
(376, 18, 43, 5, 'Cool', '2025-08-21 12:50:41'),
(377, 18, 71, 4, 'Fun', '2025-08-21 12:50:41'),
(378, 18, 38, 4, 'Nice', '2025-08-21 12:50:41'),
(379, 18, 124, 3, 'Boring', '2025-08-21 12:50:41'),
(380, 18, 6, 1, 'Good', '2025-08-21 12:50:41'),
(381, 18, 54, 1, 'Not bad', '2025-08-21 12:50:41'),
(382, 18, 50, 1, 'Great', '2025-08-21 12:50:41'),
(383, 18, 25, 2, 'Loved it', '2025-08-21 12:50:41'),
(384, 18, 88, 1, 'Boring', '2025-08-21 12:50:41'),
(385, 18, 20, 1, 'Weak', '2025-08-21 12:50:41'),
(386, 18, 57, 4, 'Okay', '2025-08-21 12:50:41'),
(387, 18, 82, 5, 'Weak', '2025-08-21 12:50:41'),
(388, 18, 19, 2, 'Amazing', '2025-08-21 12:50:41'),
(389, 19, 56, 4, 'Weak', '2025-08-21 12:50:41'),
(390, 19, 95, 5, 'Cool', '2025-08-21 12:50:41'),
(391, 19, 48, 2, 'Cool', '2025-08-21 12:50:41'),
(392, 19, 57, 5, 'Okay', '2025-08-21 12:50:41'),
(393, 19, 108, 1, 'Amazing', '2025-08-21 12:50:41'),
(394, 19, 98, 3, 'Meh', '2025-08-21 12:50:41'),
(395, 19, 107, 3, 'Good', '2025-08-21 12:50:41'),
(396, 19, 36, 5, 'Weak', '2025-08-21 12:50:41'),
(397, 19, 47, 3, 'Good', '2025-08-21 12:50:41'),
(398, 19, 63, 4, 'Great', '2025-08-21 12:50:41'),
(399, 19, 60, 2, 'Not bad', '2025-08-21 12:50:41'),
(400, 19, 26, 1, 'Bad', '2025-08-21 12:50:41'),
(401, 19, 65, 4, 'Cool', '2025-08-21 12:50:41'),
(402, 19, 100, 2, 'Loved it', '2025-08-21 12:50:41'),
(403, 19, 33, 2, 'Great', '2025-08-21 12:50:41'),
(404, 19, 99, 1, 'Solid', '2025-08-21 12:50:41'),
(405, 19, 85, 2, 'Superb', '2025-08-21 12:50:41'),
(406, 19, 71, 1, 'Meh', '2025-08-21 12:50:41'),
(407, 20, 34, 4, 'Amazing', '2025-08-21 12:50:41'),
(408, 20, 6, 3, 'Fun', '2025-08-21 12:50:41'),
(409, 20, 8, 2, 'Solid', '2025-08-21 12:50:41'),
(410, 20, 69, 2, 'Good', '2025-08-21 12:50:41'),
(411, 20, 32, 1, 'Cool', '2025-08-21 12:50:41'),
(412, 20, 29, 2, 'Fun', '2025-08-21 12:50:41'),
(413, 20, 103, 3, 'Weak', '2025-08-21 12:50:41'),
(414, 20, 28, 4, 'Okay', '2025-08-21 12:50:41'),
(415, 20, 97, 2, 'Solid', '2025-08-21 12:50:41'),
(416, 20, 64, 5, 'Weak', '2025-08-21 12:50:41'),
(417, 20, 104, 4, 'Great', '2025-08-21 12:50:41'),
(418, 20, 70, 5, 'Not bad', '2025-08-21 12:50:41'),
(419, 20, 68, 4, 'Nice', '2025-08-21 12:50:41'),
(420, 20, 100, 1, 'Superb', '2025-08-21 12:50:41'),
(421, 20, 119, 1, 'Okay', '2025-08-21 12:50:41'),
(422, 20, 9, 1, 'Amazing', '2025-08-21 12:50:41'),
(423, 20, 49, 1, 'Loved it', '2025-08-21 12:50:41'),
(424, 20, 46, 2, 'Amazing', '2025-08-21 12:50:41'),
(425, 20, 107, 1, 'Not bad', '2025-08-21 12:50:41'),
(426, 20, 14, 3, 'Loved it', '2025-08-21 12:50:41'),
(427, 21, 91, 1, 'Cool', '2025-08-21 12:50:41'),
(428, 21, 74, 5, 'Superb', '2025-08-21 12:50:41'),
(429, 21, 113, 3, 'Weak', '2025-08-21 12:50:41'),
(430, 21, 12, 1, 'Cool', '2025-08-21 12:50:41'),
(431, 21, 46, 5, 'Solid', '2025-08-21 12:50:41'),
(432, 21, 54, 4, 'Boring', '2025-08-21 12:50:41'),
(433, 21, 16, 5, 'Great', '2025-08-21 12:50:41'),
(434, 21, 68, 2, 'Meh', '2025-08-21 12:50:41'),
(435, 21, 20, 3, 'Nice', '2025-08-21 12:50:41'),
(436, 21, 49, 2, 'Loved it', '2025-08-21 12:50:41'),
(437, 21, 21, 2, 'Not bad', '2025-08-21 12:50:41'),
(438, 21, 24, 3, 'Not bad', '2025-08-21 12:50:41'),
(439, 22, 71, 1, 'Boring', '2025-08-21 12:50:41'),
(440, 22, 130, 1, 'Not bad', '2025-08-21 12:50:41'),
(441, 22, 35, 4, 'Meh', '2025-08-21 12:50:41'),
(442, 22, 23, 1, 'Good', '2025-08-21 12:50:41'),
(443, 22, 36, 3, 'Okay', '2025-08-21 12:50:41'),
(444, 22, 101, 4, 'Fun', '2025-08-21 12:50:41'),
(445, 22, 106, 3, 'Superb', '2025-08-21 12:50:41'),
(446, 22, 131, 1, 'Amazing', '2025-08-21 12:50:41'),
(447, 22, 55, 2, 'Cool', '2025-08-21 12:50:41'),
(448, 22, 34, 3, 'Loved it', '2025-08-21 12:50:41'),
(449, 22, 39, 2, 'Okay', '2025-08-21 12:50:41'),
(450, 22, 94, 1, 'Bad', '2025-08-21 12:50:41'),
(451, 22, 14, 2, 'Bad', '2025-08-21 12:50:41'),
(452, 22, 27, 5, 'Not bad', '2025-08-21 12:50:41'),
(453, 22, 114, 3, 'Cool', '2025-08-21 12:50:41'),
(454, 22, 51, 4, 'Okay', '2025-08-21 12:50:41'),
(455, 22, 50, 1, 'Solid', '2025-08-21 12:50:41'),
(456, 22, 49, 4, 'Fun', '2025-08-21 12:50:41'),
(457, 22, 43, 1, 'Loved it', '2025-08-21 12:50:41'),
(458, 22, 89, 1, 'Meh', '2025-08-21 12:50:41'),
(459, 22, 20, 1, 'Not bad', '2025-08-21 12:50:41'),
(460, 22, 9, 3, 'Cool', '2025-08-21 12:50:41'),
(461, 22, 48, 3, 'Cool', '2025-08-21 12:50:41'),
(462, 22, 69, 1, 'Not bad', '2025-08-21 12:50:41'),
(463, 22, 60, 1, 'Loved it', '2025-08-21 12:50:41'),
(464, 22, 53, 3, 'Great', '2025-08-21 12:50:41'),
(465, 22, 83, 4, 'Fun', '2025-08-21 12:50:41'),
(466, 22, 126, 2, 'Solid', '2025-08-21 12:50:41'),
(467, 22, 68, 4, 'Amazing', '2025-08-21 12:50:41'),
(468, 22, 40, 2, 'Good', '2025-08-21 12:50:41'),
(469, 22, 111, 2, 'Solid', '2025-08-21 12:50:41'),
(470, 23, 98, 4, 'Loved it', '2025-08-21 12:50:41'),
(471, 23, 34, 2, 'Amazing', '2025-08-21 12:50:41'),
(472, 23, 45, 3, 'Cool', '2025-08-21 12:50:41'),
(473, 23, 88, 3, 'Fun', '2025-08-21 12:50:41'),
(474, 23, 106, 1, 'Loved it', '2025-08-21 12:50:41'),
(475, 23, 2, 3, 'Loved it', '2025-08-21 12:50:41'),
(476, 23, 76, 4, 'Loved it', '2025-08-21 12:50:41'),
(477, 23, 9, 3, 'Not bad', '2025-08-21 12:50:41'),
(478, 23, 23, 5, 'Good', '2025-08-21 12:50:41'),
(479, 23, 53, 2, 'Amazing', '2025-08-21 12:50:41'),
(480, 23, 43, 3, 'Fun', '2025-08-21 12:50:41'),
(481, 23, 95, 5, 'Superb', '2025-08-21 12:50:41'),
(482, 23, 73, 1, 'Cool', '2025-08-21 12:50:41'),
(483, 23, 113, 1, 'Good', '2025-08-21 12:50:41'),
(484, 23, 91, 1, 'Okay', '2025-08-21 12:50:41'),
(485, 23, 129, 2, 'Great', '2025-08-21 12:50:41'),
(486, 23, 118, 5, 'Cool', '2025-08-21 12:50:41'),
(487, 23, 111, 4, 'Great', '2025-08-21 12:50:41'),
(488, 23, 20, 2, 'Cool', '2025-08-21 12:50:41'),
(489, 23, 14, 4, 'Okay', '2025-08-21 12:50:41'),
(490, 23, 27, 2, 'Amazing', '2025-08-21 12:50:41'),
(491, 24, 105, 4, 'Great', '2025-08-21 12:50:41'),
(492, 24, 107, 2, 'Great', '2025-08-21 12:50:41'),
(493, 24, 34, 3, 'Okay', '2025-08-21 12:50:41'),
(494, 24, 4, 2, 'Nice', '2025-08-21 12:50:41'),
(495, 24, 100, 1, 'Fun', '2025-08-21 12:50:41'),
(496, 24, 115, 5, 'Not bad', '2025-08-21 12:50:41'),
(497, 24, 29, 5, 'Superb', '2025-08-21 12:50:41'),
(498, 24, 126, 5, 'Good', '2025-08-21 12:50:41'),
(499, 24, 1, 2, 'Meh', '2025-08-21 12:50:41'),
(500, 24, 59, 1, 'Solid', '2025-08-21 12:50:41'),
(501, 24, 41, 5, 'Fun', '2025-08-21 12:50:41'),
(502, 24, 30, 5, 'Nice', '2025-08-21 12:50:41'),
(503, 25, 123, 2, 'Solid', '2025-08-21 12:50:41'),
(504, 25, 65, 2, 'Bad', '2025-08-21 12:50:41'),
(505, 25, 90, 4, 'Superb', '2025-08-21 12:50:41'),
(506, 25, 93, 1, 'Loved it', '2025-08-21 12:50:41'),
(507, 25, 116, 4, 'Fun', '2025-08-21 12:50:41'),
(508, 25, 122, 4, 'Cool', '2025-08-21 12:50:41'),
(509, 25, 40, 4, 'Weak', '2025-08-21 12:50:41'),
(510, 25, 87, 2, 'Boring', '2025-08-21 12:50:41'),
(511, 25, 73, 1, 'Amazing', '2025-08-21 12:50:41'),
(512, 25, 126, 5, 'Bad', '2025-08-21 12:50:41'),
(513, 25, 78, 3, 'Boring', '2025-08-21 12:50:41'),
(514, 25, 2, 5, 'Loved it', '2025-08-21 12:50:41'),
(515, 25, 99, 5, 'Solid', '2025-08-21 12:50:41'),
(516, 25, 63, 5, 'Solid', '2025-08-21 12:50:41'),
(517, 25, 131, 3, 'Solid', '2025-08-21 12:50:41'),
(518, 25, 48, 3, 'Cool', '2025-08-21 12:50:41'),
(519, 25, 60, 4, 'Loved it', '2025-08-21 12:50:41'),
(520, 25, 80, 1, 'Loved it', '2025-08-21 12:50:41'),
(521, 25, 112, 5, 'Superb', '2025-08-21 12:50:41'),
(522, 25, 33, 5, 'Great', '2025-08-21 12:50:41'),
(523, 25, 46, 1, 'Nice', '2025-08-21 12:50:41'),
(524, 25, 128, 3, 'Superb', '2025-08-21 12:50:41'),
(525, 25, 98, 4, 'Amazing', '2025-08-21 12:50:41'),
(526, 25, 38, 5, 'Solid', '2025-08-21 12:50:41'),
(528, 4, 56, 3, 'Testing !!!', '2025-08-22 10:45:38'),
(529, 4, 30, 3, 'Test!!!', '2025-08-24 11:48:03');

-- --------------------------------------------------------

--
-- Table structure for table `users`
--

CREATE TABLE `users` (
  `id` int(11) NOT NULL,
  `username` varchar(255) NOT NULL,
  `password` varchar(255) NOT NULL,
  `role` enum('user','admin') DEFAULT 'user',
  `created_at` timestamp NOT NULL DEFAULT current_timestamp()
) ENGINE=InnoDB DEFAULT CHARSET=utf8mb4 COLLATE=utf8mb4_general_ci;

--
-- Dumping data for table `users`
--

INSERT INTO `users` (`id`, `username`, `password`, `role`, `created_at`) VALUES
(1, 'menard', '$2y$10$UPWkC4Res/GqITG1HqW.8.85kVBhXOBbhECxRhl1AXMqSdmh9Hq6W', 'admin', '2025-08-21 03:49:04'),
(2, 'jericdc', '$2y$10$8iROi.3wkAjxUF8WWn1.y.ODxZFoZSSkaHkvueaIYXBNKdgeydZSO', 'admin', '2025-08-21 11:26:39'),
(3, 'ronnel', '$2y$10$lutkraVYMJPuu6f6gtOQeOpDHaX9kEA32kTSdFwFGU/GFKkLxd9be', 'admin', '2025-08-21 12:31:21'),
(4, 'ejay', '$2y$10$.j0MIyzrCVh6epi.8z2w8uw6Vbm9bpYe9A6NDWtoZPVqep9lrkxRm', 'user', '2025-08-21 12:31:31'),
(5, 'franz', '$2y$10$XC.96ONxADKpazIqvN/7l.zfRMTOXlSjrUbweVFeN1wp2gk6yxkbS', 'user', '2025-08-21 12:31:41'),
(6, 'kiel', '$2y$10$RVqKh3nQ788D3LE.qr1zje72j3xByOHCNtTrM6tMXad/j012CvCXK', 'user', '2025-08-21 12:31:51'),
(7, 'jodi', '$2y$10$uTPgx1scLSEUlhJnGGlJIeiyNOXWXEIU8baj1Ave0YKlHwzndGwNq', 'user', '2025-08-21 12:32:00'),
(8, 'gwen', '$2y$10$IXxNUA2hCFjr66HZbUVuEup2ZbUBkP.kvz58NYnuHCdfeSUrWWZFK', 'user', '2025-08-21 12:32:08'),
(9, 'jozen', '$2y$10$RN7LVgXzsv0VYWuISa15nesoN578bXMeG0CFU.XMakigMjGmZepFK', 'user', '2025-08-21 12:35:35'),
(10, 'melgie', '$2y$10$..waHJfvV7LLP/vehwzmtOuplKV0RHiSqXesAHy7FEp7An16erUcK', 'user', '2025-08-21 12:35:43'),
(11, 'christine', '$2y$10$roITLStcrnyzwUF/AX8k3O/S1VQ/kzCoLexr7TKF6xchBwy0twbWa', 'user', '2025-08-21 12:35:51'),
(12, 'krisha', '$2y$10$uo6zHvuvhPtZHBh/hgd3au07VNWSYHlC0CTjf/yXH8lx851jYuzcK', 'user', '2025-08-21 12:35:59'),
(13, 'hazel', '$2y$10$a7WTtvJSd6xGzr99k0/Pz.3gHljbmrXGJgn6RwaPrUfzCqA72IWcm', 'user', '2025-08-21 12:36:41'),
(14, 'jhanice', '$2y$10$WVtTZI/YnU..zDrIserTXenqNO/cseoO4s8bltwA8xOZTG3NYL.9C', 'user', '2025-08-21 12:36:48'),
(15, 'ghieve', '$2y$10$YsWr8hQe6QwnM1L.fOnJcee.rrROYja/lbOUUcHERa7WkLz/1OBYW', 'user', '2025-08-21 12:36:58'),
(16, 'rhea', '$2y$10$j0oKPFIGCLoXAFa153nyG.2fHe.eDZzgu3CFj9D23bm.3yJiBUPfe', 'user', '2025-08-21 12:37:06'),
(17, 'aliah', '$2y$10$EtOI2xCM5eYqtRX/Zu1o7ePCECmxVYdPpFWhITNWthpBo1maHcdQe', 'user', '2025-08-21 12:37:28'),
(18, 'jerome', '$2y$10$PdpIIAeya0UzW0c9En7i7eexhPEIy.zQRgkLK4hNsB5XQnmkiPfmu', 'user', '2025-08-21 12:39:10'),
(19, 'francis', '$2y$10$QsoSRapCONEKYQrxFriE7ev65cvcdgwf3bfT5fnBJq/QbG2TAKL9i', 'user', '2025-08-21 12:39:18'),
(20, 'liane', '$2y$10$plWBPMJey83y1dWi6hAEKuReaRb1I16CvzbjcM0wuAsJoahd4QB/O', 'user', '2025-08-21 12:39:27'),
(21, 'adrian', '$2y$10$t/22prHgu4P/Zgaav7rsX.d0r2BVamID7w1Fi.2fHCA8Zi.qUWDfO', 'user', '2025-08-21 12:39:37'),
(22, 'joshua', '$2y$10$kHnDEjL1EcR/rg0RVAwti.Gir9ASPK/XJKy9tspgeUrcxFyAVdMjC', 'user', '2025-08-21 12:39:51'),
(23, 'sam', '$2y$10$sI7r6u/cn2jP0tz7mtP/M.fCMK5wiOEfjbU2MQMDtENQvniG4d7pm', 'user', '2025-08-21 12:39:57'),
(24, 'nino', '$2y$10$Mq2Tjz5LuWqRHg2VEsY9bem6Ef.xtS2PQWnE6Py783dJM1WlyW74G', 'user', '2025-08-21 12:40:23'),
(25, 'riley', '$2y$10$YkejcnqCPFJKej8S.JQ1V.ykhZZ8wDwVLu.Bqe577rVe63p2GjqOK', 'user', '2025-08-21 12:40:43'),
(26, 'bernard', '$2y$10$dzFWb1fphHoO4HslStvb1OGmpR3istDGZbbbEs9zUm4ckH58l3Wgq', 'user', '2025-08-21 12:40:52');

-- --------------------------------------------------------

--
-- Table structure for table `user_favorites`
--

CREATE TABLE `user_favorites` (
  `id` int(11) NOT NULL,
  `user_id` int(11) DEFAULT NULL,
  `movie_id` int(11) DEFAULT NULL,
  `created_at` timestamp NOT NULL DEFAULT current_timestamp()
) ENGINE=InnoDB DEFAULT CHARSET=utf8mb4 COLLATE=utf8mb4_general_ci;

--
-- Dumping data for table `user_favorites`
--

INSERT INTO `user_favorites` (`id`, `user_id`, `movie_id`, `created_at`) VALUES
(71, 4, 89, '2025-08-21 12:50:41'),
(72, 4, 100, '2025-08-21 12:50:41'),
(73, 4, 48, '2025-08-21 12:50:41'),
(74, 4, 47, '2025-08-21 12:50:41'),
(75, 4, 32, '2025-08-21 12:50:41'),
(76, 4, 21, '2025-08-21 12:50:41'),
(77, 4, 83, '2025-08-21 12:50:41'),
(78, 4, 58, '2025-08-21 12:50:41'),
(79, 4, 116, '2025-08-21 12:50:41'),
(80, 4, 110, '2025-08-21 12:50:41'),
(81, 4, 108, '2025-08-21 12:50:41'),
(82, 4, 15, '2025-08-21 12:50:41'),
(83, 4, 55, '2025-08-21 12:50:41'),
(84, 4, 127, '2025-08-21 12:50:41'),
(85, 4, 53, '2025-08-21 12:50:41'),
(86, 4, 65, '2025-08-21 12:50:41'),
(87, 4, 52, '2025-08-21 12:50:41'),
(88, 4, 26, '2025-08-21 12:50:41'),
(89, 5, 9, '2025-08-21 12:50:41'),
(90, 5, 90, '2025-08-21 12:50:41'),
(91, 5, 2, '2025-08-21 12:50:41'),
(92, 5, 26, '2025-08-21 12:50:41'),
(93, 5, 57, '2025-08-21 12:50:41'),
(94, 5, 58, '2025-08-21 12:50:41'),
(95, 5, 80, '2025-08-21 12:50:41'),
(96, 5, 97, '2025-08-21 12:50:41'),
(97, 5, 13, '2025-08-21 12:50:41'),
(98, 5, 93, '2025-08-21 12:50:41'),
(99, 5, 51, '2025-08-21 12:50:41'),
(100, 5, 38, '2025-08-21 12:50:41'),
(101, 5, 22, '2025-08-21 12:50:41'),
(102, 5, 98, '2025-08-21 12:50:41'),
(103, 5, 88, '2025-08-21 12:50:41'),
(104, 5, 11, '2025-08-21 12:50:41'),
(105, 5, 69, '2025-08-21 12:50:41'),
(106, 5, 130, '2025-08-21 12:50:41'),
(107, 5, 127, '2025-08-21 12:50:41'),
(108, 5, 32, '2025-08-21 12:50:41'),
(109, 5, 48, '2025-08-21 12:50:41'),
(110, 5, 104, '2025-08-21 12:50:41'),
(111, 5, 28, '2025-08-21 12:50:41'),
(112, 5, 65, '2025-08-21 12:50:41'),
(113, 5, 44, '2025-08-21 12:50:41'),
(114, 5, 89, '2025-08-21 12:50:41'),
(115, 5, 123, '2025-08-21 12:50:41'),
(116, 5, 113, '2025-08-21 12:50:41'),
(117, 5, 79, '2025-08-21 12:50:41'),
(118, 5, 27, '2025-08-21 12:50:41'),
(119, 5, 110, '2025-08-21 12:50:41'),
(120, 5, 72, '2025-08-21 12:50:41'),
(121, 5, 7, '2025-08-21 12:50:41'),
(122, 6, 90, '2025-08-21 12:50:41'),
(123, 6, 92, '2025-08-21 12:50:41'),
(124, 6, 100, '2025-08-21 12:50:41'),
(125, 6, 13, '2025-08-21 12:50:41'),
(126, 6, 80, '2025-08-21 12:50:41'),
(127, 6, 86, '2025-08-21 12:50:41'),
(128, 6, 113, '2025-08-21 12:50:41'),
(129, 6, 29, '2025-08-21 12:50:41'),
(130, 6, 91, '2025-08-21 12:50:41'),
(131, 6, 62, '2025-08-21 12:50:41'),
(132, 6, 49, '2025-08-21 12:50:41'),
(133, 6, 73, '2025-08-21 12:50:41'),
(134, 6, 112, '2025-08-21 12:50:41'),
(135, 7, 42, '2025-08-21 12:50:41'),
(136, 7, 98, '2025-08-21 12:50:41'),
(137, 7, 63, '2025-08-21 12:50:41'),
(138, 7, 85, '2025-08-21 12:50:41'),
(139, 7, 12, '2025-08-21 12:50:41'),
(140, 7, 107, '2025-08-21 12:50:41'),
(141, 7, 81, '2025-08-21 12:50:41'),
(142, 7, 78, '2025-08-21 12:50:41'),
(143, 7, 2, '2025-08-21 12:50:41'),
(144, 7, 14, '2025-08-21 12:50:41'),
(145, 7, 43, '2025-08-21 12:50:41'),
(146, 7, 72, '2025-08-21 12:50:41'),
(147, 7, 9, '2025-08-21 12:50:41'),
(148, 8, 130, '2025-08-21 12:50:41'),
(149, 8, 118, '2025-08-21 12:50:41'),
(150, 8, 20, '2025-08-21 12:50:41'),
(151, 8, 27, '2025-08-21 12:50:41'),
(152, 8, 52, '2025-08-21 12:50:41'),
(153, 8, 30, '2025-08-21 12:50:41'),
(154, 8, 42, '2025-08-21 12:50:41'),
(155, 8, 44, '2025-08-21 12:50:41'),
(156, 8, 2, '2025-08-21 12:50:41'),
(157, 8, 105, '2025-08-21 12:50:41'),
(158, 8, 4, '2025-08-21 12:50:41'),
(159, 8, 5, '2025-08-21 12:50:41'),
(160, 8, 23, '2025-08-21 12:50:41'),
(161, 8, 70, '2025-08-21 12:50:41'),
(162, 8, 10, '2025-08-21 12:50:41'),
(163, 8, 126, '2025-08-21 12:50:41'),
(164, 8, 59, '2025-08-21 12:50:41'),
(165, 8, 80, '2025-08-21 12:50:41'),
(166, 8, 51, '2025-08-21 12:50:41'),
(167, 8, 1, '2025-08-21 12:50:41'),
(168, 8, 77, '2025-08-21 12:50:41'),
(169, 8, 79, '2025-08-21 12:50:41'),
(170, 8, 50, '2025-08-21 12:50:41'),
(171, 9, 19, '2025-08-21 12:50:41'),
(172, 9, 68, '2025-08-21 12:50:41'),
(173, 9, 71, '2025-08-21 12:50:41'),
(174, 9, 78, '2025-08-21 12:50:41'),
(175, 9, 123, '2025-08-21 12:50:41'),
(176, 9, 16, '2025-08-21 12:50:41'),
(177, 9, 90, '2025-08-21 12:50:41'),
(178, 9, 1, '2025-08-21 12:50:41'),
(179, 9, 130, '2025-08-21 12:50:41'),
(180, 9, 82, '2025-08-21 12:50:41'),
(181, 9, 41, '2025-08-21 12:50:41'),
(182, 9, 44, '2025-08-21 12:50:41'),
(183, 9, 128, '2025-08-21 12:50:41'),
(184, 10, 67, '2025-08-21 12:50:41'),
(185, 10, 130, '2025-08-21 12:50:41'),
(186, 10, 125, '2025-08-21 12:50:41'),
(187, 10, 2, '2025-08-21 12:50:41'),
(188, 10, 89, '2025-08-21 12:50:41'),
(189, 10, 14, '2025-08-21 12:50:41'),
(190, 10, 1, '2025-08-21 12:50:41'),
(191, 10, 7, '2025-08-21 12:50:41'),
(192, 10, 121, '2025-08-21 12:50:41'),
(193, 10, 21, '2025-08-21 12:50:41'),
(194, 10, 52, '2025-08-21 12:50:41'),
(195, 10, 101, '2025-08-21 12:50:41'),
(196, 10, 131, '2025-08-21 12:50:41'),
(197, 10, 68, '2025-08-21 12:50:41'),
(198, 11, 43, '2025-08-21 12:50:41'),
(199, 11, 53, '2025-08-21 12:50:41'),
(200, 11, 1, '2025-08-21 12:50:41'),
(201, 11, 29, '2025-08-21 12:50:41'),
(202, 11, 113, '2025-08-21 12:50:41'),
(203, 11, 107, '2025-08-21 12:50:41'),
(204, 11, 21, '2025-08-21 12:50:41'),
(205, 11, 86, '2025-08-21 12:50:41'),
(206, 11, 54, '2025-08-21 12:50:41'),
(207, 11, 9, '2025-08-21 12:50:41'),
(208, 11, 47, '2025-08-21 12:50:41'),
(209, 11, 89, '2025-08-21 12:50:41'),
(210, 11, 60, '2025-08-21 12:50:41'),
(211, 11, 128, '2025-08-21 12:50:41'),
(212, 11, 4, '2025-08-21 12:50:41'),
(213, 11, 130, '2025-08-21 12:50:41'),
(214, 11, 125, '2025-08-21 12:50:41'),
(215, 11, 102, '2025-08-21 12:50:41'),
(216, 11, 14, '2025-08-21 12:50:41'),
(217, 11, 101, '2025-08-21 12:50:41'),
(218, 11, 16, '2025-08-21 12:50:41'),
(219, 11, 91, '2025-08-21 12:50:41'),
(220, 11, 108, '2025-08-21 12:50:41'),
(221, 11, 119, '2025-08-21 12:50:41'),
(222, 11, 106, '2025-08-21 12:50:41'),
(223, 11, 129, '2025-08-21 12:50:41'),
(224, 11, 51, '2025-08-21 12:50:41'),
(225, 11, 15, '2025-08-21 12:50:41'),
(226, 11, 68, '2025-08-21 12:50:41'),
(227, 11, 75, '2025-08-21 12:50:41'),
(228, 12, 17, '2025-08-21 12:50:41'),
(229, 12, 101, '2025-08-21 12:50:41'),
(230, 12, 127, '2025-08-21 12:50:41'),
(231, 12, 46, '2025-08-21 12:50:41'),
(232, 12, 35, '2025-08-21 12:50:41'),
(233, 12, 106, '2025-08-21 12:50:41'),
(234, 12, 20, '2025-08-21 12:50:41'),
(235, 12, 80, '2025-08-21 12:50:41'),
(236, 12, 67, '2025-08-21 12:50:41'),
(237, 12, 53, '2025-08-21 12:50:41'),
(238, 12, 10, '2025-08-21 12:50:41'),
(239, 12, 31, '2025-08-21 12:50:41'),
(240, 12, 42, '2025-08-21 12:50:41'),
(241, 12, 28, '2025-08-21 12:50:41'),
(242, 12, 103, '2025-08-21 12:50:41'),
(243, 12, 9, '2025-08-21 12:50:41'),
(244, 13, 2, '2025-08-21 12:50:41'),
(245, 13, 57, '2025-08-21 12:50:41'),
(246, 13, 115, '2025-08-21 12:50:41'),
(247, 13, 81, '2025-08-21 12:50:41'),
(248, 13, 26, '2025-08-21 12:50:41'),
(249, 13, 96, '2025-08-21 12:50:41'),
(250, 13, 128, '2025-08-21 12:50:41'),
(251, 13, 85, '2025-08-21 12:50:41'),
(252, 13, 32, '2025-08-21 12:50:41'),
(253, 13, 1, '2025-08-21 12:50:41'),
(254, 13, 58, '2025-08-21 12:50:41'),
(255, 13, 7, '2025-08-21 12:50:41'),
(256, 13, 77, '2025-08-21 12:50:41'),
(257, 13, 40, '2025-08-21 12:50:41'),
(258, 13, 91, '2025-08-21 12:50:41'),
(259, 13, 41, '2025-08-21 12:50:41'),
(260, 13, 118, '2025-08-21 12:50:41'),
(261, 13, 90, '2025-08-21 12:50:41'),
(262, 13, 112, '2025-08-21 12:50:41'),
(263, 13, 72, '2025-08-21 12:50:41'),
(264, 13, 121, '2025-08-21 12:50:41'),
(265, 13, 38, '2025-08-21 12:50:41'),
(266, 13, 67, '2025-08-21 12:50:41'),
(267, 13, 94, '2025-08-21 12:50:41'),
(268, 14, 86, '2025-08-21 12:50:41'),
(269, 14, 76, '2025-08-21 12:50:41'),
(270, 14, 21, '2025-08-21 12:50:41'),
(271, 14, 36, '2025-08-21 12:50:41'),
(272, 14, 91, '2025-08-21 12:50:41'),
(273, 14, 102, '2025-08-21 12:50:41'),
(274, 14, 19, '2025-08-21 12:50:41'),
(275, 14, 39, '2025-08-21 12:50:41'),
(276, 14, 57, '2025-08-21 12:50:41'),
(277, 14, 81, '2025-08-21 12:50:41'),
(278, 14, 13, '2025-08-21 12:50:41'),
(279, 14, 79, '2025-08-21 12:50:41'),
(280, 14, 60, '2025-08-21 12:50:41'),
(281, 14, 121, '2025-08-21 12:50:41'),
(282, 14, 75, '2025-08-21 12:50:41'),
(283, 14, 117, '2025-08-21 12:50:41'),
(284, 14, 24, '2025-08-21 12:50:41'),
(285, 14, 20, '2025-08-21 12:50:41'),
(286, 14, 40, '2025-08-21 12:50:41'),
(287, 14, 71, '2025-08-21 12:50:41'),
(288, 14, 129, '2025-08-21 12:50:41'),
(289, 15, 32, '2025-08-21 12:50:41'),
(290, 15, 13, '2025-08-21 12:50:41'),
(291, 15, 108, '2025-08-21 12:50:41'),
(292, 15, 105, '2025-08-21 12:50:41'),
(293, 15, 47, '2025-08-21 12:50:41'),
(294, 15, 82, '2025-08-21 12:50:41'),
(295, 15, 106, '2025-08-21 12:50:41'),
(296, 15, 66, '2025-08-21 12:50:41'),
(297, 15, 77, '2025-08-21 12:50:41'),
(298, 15, 79, '2025-08-21 12:50:41'),
(299, 15, 9, '2025-08-21 12:50:41'),
(300, 16, 52, '2025-08-21 12:50:41'),
(301, 16, 121, '2025-08-21 12:50:41'),
(302, 16, 35, '2025-08-21 12:50:41'),
(303, 16, 63, '2025-08-21 12:50:41'),
(304, 16, 129, '2025-08-21 12:50:41'),
(305, 16, 59, '2025-08-21 12:50:41'),
(306, 16, 58, '2025-08-21 12:50:41'),
(307, 16, 44, '2025-08-21 12:50:41'),
(308, 16, 110, '2025-08-21 12:50:41'),
(309, 16, 97, '2025-08-21 12:50:41'),
(310, 16, 21, '2025-08-21 12:50:41'),
(311, 16, 82, '2025-08-21 12:50:41'),
(312, 16, 89, '2025-08-21 12:50:41'),
(313, 16, 6, '2025-08-21 12:50:41'),
(314, 16, 41, '2025-08-21 12:50:41'),
(315, 16, 120, '2025-08-21 12:50:41'),
(316, 16, 2, '2025-08-21 12:50:41'),
(317, 16, 11, '2025-08-21 12:50:41'),
(318, 16, 119, '2025-08-21 12:50:41'),
(319, 16, 73, '2025-08-21 12:50:41'),
(320, 16, 39, '2025-08-21 12:50:41'),
(321, 16, 101, '2025-08-21 12:50:41'),
(322, 16, 111, '2025-08-21 12:50:41'),
(323, 16, 131, '2025-08-21 12:50:41'),
(324, 16, 33, '2025-08-21 12:50:41'),
(325, 16, 118, '2025-08-21 12:50:41'),
(326, 16, 54, '2025-08-21 12:50:41'),
(327, 16, 36, '2025-08-21 12:50:41'),
(328, 16, 37, '2025-08-21 12:50:41'),
(329, 16, 126, '2025-08-21 12:50:41'),
(330, 16, 57, '2025-08-21 12:50:41'),
(331, 16, 98, '2025-08-21 12:50:41'),
(332, 17, 48, '2025-08-21 12:50:41'),
(333, 17, 113, '2025-08-21 12:50:41'),
(334, 17, 14, '2025-08-21 12:50:41'),
(335, 17, 18, '2025-08-21 12:50:41'),
(336, 17, 62, '2025-08-21 12:50:41'),
(337, 17, 119, '2025-08-21 12:50:41'),
(338, 17, 7, '2025-08-21 12:50:41'),
(339, 17, 28, '2025-08-21 12:50:41'),
(340, 17, 47, '2025-08-21 12:50:41'),
(341, 17, 59, '2025-08-21 12:50:41'),
(342, 17, 93, '2025-08-21 12:50:41'),
(343, 17, 70, '2025-08-21 12:50:41'),
(344, 17, 15, '2025-08-21 12:50:41'),
(345, 17, 66, '2025-08-21 12:50:41'),
(346, 17, 51, '2025-08-21 12:50:41'),
(347, 17, 27, '2025-08-21 12:50:41'),
(348, 17, 49, '2025-08-21 12:50:41'),
(349, 17, 58, '2025-08-21 12:50:41'),
(350, 17, 120, '2025-08-21 12:50:41'),
(351, 18, 116, '2025-08-21 12:50:41'),
(352, 18, 41, '2025-08-21 12:50:41'),
(353, 18, 16, '2025-08-21 12:50:41'),
(354, 18, 7, '2025-08-21 12:50:41'),
(355, 18, 20, '2025-08-21 12:50:41'),
(356, 18, 75, '2025-08-21 12:50:41'),
(357, 18, 61, '2025-08-21 12:50:41'),
(358, 18, 109, '2025-08-21 12:50:41'),
(359, 18, 18, '2025-08-21 12:50:41'),
(360, 18, 24, '2025-08-21 12:50:41'),
(361, 18, 113, '2025-08-21 12:50:41'),
(362, 18, 27, '2025-08-21 12:50:41'),
(363, 18, 102, '2025-08-21 12:50:41'),
(364, 18, 126, '2025-08-21 12:50:41'),
(365, 18, 34, '2025-08-21 12:50:41'),
(366, 18, 88, '2025-08-21 12:50:41'),
(367, 18, 23, '2025-08-21 12:50:41'),
(368, 18, 115, '2025-08-21 12:50:41'),
(369, 18, 8, '2025-08-21 12:50:41'),
(370, 18, 51, '2025-08-21 12:50:41'),
(371, 19, 13, '2025-08-21 12:50:41'),
(372, 19, 114, '2025-08-21 12:50:41'),
(373, 19, 44, '2025-08-21 12:50:41'),
(374, 19, 43, '2025-08-21 12:50:41'),
(375, 19, 85, '2025-08-21 12:50:41'),
(376, 19, 57, '2025-08-21 12:50:41'),
(377, 19, 69, '2025-08-21 12:50:41'),
(378, 19, 7, '2025-08-21 12:50:41'),
(379, 19, 17, '2025-08-21 12:50:41'),
(380, 19, 68, '2025-08-21 12:50:41'),
(381, 19, 66, '2025-08-21 12:50:41'),
(382, 19, 107, '2025-08-21 12:50:41'),
(383, 19, 22, '2025-08-21 12:50:41'),
(384, 19, 18, '2025-08-21 12:50:41'),
(385, 19, 101, '2025-08-21 12:50:41'),
(386, 20, 97, '2025-08-21 12:50:41'),
(387, 20, 5, '2025-08-21 12:50:41'),
(388, 20, 11, '2025-08-21 12:50:41'),
(389, 20, 31, '2025-08-21 12:50:41'),
(390, 20, 116, '2025-08-21 12:50:41'),
(391, 20, 32, '2025-08-21 12:50:41'),
(392, 20, 4, '2025-08-21 12:50:41'),
(393, 20, 58, '2025-08-21 12:50:41'),
(394, 20, 33, '2025-08-21 12:50:41'),
(395, 20, 78, '2025-08-21 12:50:41'),
(396, 20, 10, '2025-08-21 12:50:41'),
(397, 20, 86, '2025-08-21 12:50:41'),
(398, 20, 72, '2025-08-21 12:50:41'),
(399, 20, 55, '2025-08-21 12:50:41'),
(400, 20, 15, '2025-08-21 12:50:41'),
(401, 20, 129, '2025-08-21 12:50:41'),
(402, 21, 90, '2025-08-21 12:50:41'),
(403, 21, 131, '2025-08-21 12:50:41'),
(404, 21, 12, '2025-08-21 12:50:41'),
(405, 21, 92, '2025-08-21 12:50:41'),
(406, 21, 97, '2025-08-21 12:50:41'),
(407, 21, 10, '2025-08-21 12:50:41'),
(408, 21, 104, '2025-08-21 12:50:41'),
(409, 21, 67, '2025-08-21 12:50:41'),
(410, 21, 116, '2025-08-21 12:50:41'),
(411, 21, 38, '2025-08-21 12:50:41'),
(412, 21, 117, '2025-08-21 12:50:41'),
(413, 21, 128, '2025-08-21 12:50:41'),
(414, 21, 71, '2025-08-21 12:50:41'),
(415, 21, 48, '2025-08-21 12:50:41'),
(416, 22, 29, '2025-08-21 12:50:41'),
(417, 22, 6, '2025-08-21 12:50:41'),
(418, 22, 115, '2025-08-21 12:50:41'),
(419, 22, 97, '2025-08-21 12:50:41'),
(420, 22, 5, '2025-08-21 12:50:41'),
(421, 22, 130, '2025-08-21 12:50:41'),
(422, 22, 112, '2025-08-21 12:50:41'),
(423, 22, 31, '2025-08-21 12:50:41'),
(424, 22, 35, '2025-08-21 12:50:41'),
(425, 22, 42, '2025-08-21 12:50:41'),
(426, 22, 72, '2025-08-21 12:50:41'),
(427, 22, 61, '2025-08-21 12:50:41'),
(428, 22, 62, '2025-08-21 12:50:41'),
(429, 22, 109, '2025-08-21 12:50:41'),
(430, 22, 56, '2025-08-21 12:50:41'),
(431, 22, 63, '2025-08-21 12:50:41'),
(432, 22, 80, '2025-08-21 12:50:41'),
(433, 22, 68, '2025-08-21 12:50:41'),
(434, 22, 9, '2025-08-21 12:50:41'),
(435, 22, 101, '2025-08-21 12:50:41'),
(436, 22, 55, '2025-08-21 12:50:41'),
(437, 22, 44, '2025-08-21 12:50:41'),
(438, 22, 99, '2025-08-21 12:50:41'),
(439, 23, 36, '2025-08-21 12:50:41'),
(440, 23, 22, '2025-08-21 12:50:41'),
(441, 23, 120, '2025-08-21 12:50:41'),
(442, 23, 123, '2025-08-21 12:50:41'),
(443, 23, 91, '2025-08-21 12:50:41'),
(444, 23, 39, '2025-08-21 12:50:41'),
(445, 23, 71, '2025-08-21 12:50:41'),
(446, 23, 85, '2025-08-21 12:50:41'),
(447, 23, 109, '2025-08-21 12:50:41'),
(448, 23, 57, '2025-08-21 12:50:41'),
(449, 23, 42, '2025-08-21 12:50:41'),
(450, 23, 129, '2025-08-21 12:50:41'),
(451, 23, 76, '2025-08-21 12:50:41'),
(452, 23, 66, '2025-08-21 12:50:41'),
(453, 23, 23, '2025-08-21 12:50:41'),
(454, 23, 102, '2025-08-21 12:50:41'),
(455, 23, 7, '2025-08-21 12:50:41'),
(456, 24, 45, '2025-08-21 12:50:41'),
(457, 24, 60, '2025-08-21 12:50:41'),
(458, 24, 91, '2025-08-21 12:50:41'),
(459, 24, 89, '2025-08-21 12:50:41'),
(460, 24, 62, '2025-08-21 12:50:41'),
(461, 24, 57, '2025-08-21 12:50:41'),
(462, 24, 21, '2025-08-21 12:50:41'),
(463, 24, 28, '2025-08-21 12:50:41'),
(464, 24, 108, '2025-08-21 12:50:41'),
(465, 24, 55, '2025-08-21 12:50:41'),
(466, 24, 93, '2025-08-21 12:50:41'),
(467, 24, 69, '2025-08-21 12:50:41'),
(468, 24, 23, '2025-08-21 12:50:41'),
(469, 24, 29, '2025-08-21 12:50:41'),
(470, 24, 53, '2025-08-21 12:50:41'),
(471, 25, 108, '2025-08-21 12:50:41'),
(472, 25, 51, '2025-08-21 12:50:41'),
(473, 25, 31, '2025-08-21 12:50:41'),
(474, 25, 125, '2025-08-21 12:50:41'),
(475, 25, 126, '2025-08-21 12:50:41'),
(476, 25, 53, '2025-08-21 12:50:41'),
(477, 25, 90, '2025-08-21 12:50:41'),
(478, 25, 118, '2025-08-21 12:50:41'),
(479, 25, 131, '2025-08-21 12:50:41'),
(480, 25, 99, '2025-08-21 12:50:41'),
(481, 25, 26, '2025-08-21 12:50:41'),
(482, 25, 78, '2025-08-21 12:50:41'),
(483, 25, 115, '2025-08-21 12:50:41'),
(484, 25, 36, '2025-08-21 12:50:41'),
(485, 25, 41, '2025-08-21 12:50:41'),
(486, 25, 14, '2025-08-21 12:50:41'),
(487, 25, 93, '2025-08-21 12:50:41'),
(488, 25, 48, '2025-08-21 12:50:41'),
(489, 25, 59, '2025-08-21 12:50:41'),
(490, 25, 45, '2025-08-21 12:50:41'),
(491, 25, 3, '2025-08-21 12:50:41'),
(492, 25, 38, '2025-08-21 12:50:41'),
(493, 25, 64, '2025-08-21 12:50:41'),
(494, 25, 50, '2025-08-21 12:50:41'),
(503, 4, 13, '2025-08-22 10:45:19'),
(504, 4, 56, '2025-08-22 10:45:54'),
(506, 4, 30, '2025-08-24 11:47:57'),
(513, 4, 117, '2025-08-27 01:23:23'),
(514, 4, 11, '2025-08-27 01:25:42'),
(515, 4, 51, '2025-08-27 02:03:18');

--
-- Indexes for dumped tables
--

--
-- Indexes for table `countries`
--
ALTER TABLE `countries`
  ADD PRIMARY KEY (`id`),
  ADD UNIQUE KEY `name` (`name`);

--
-- Indexes for table `genres`
--
ALTER TABLE `genres`
  ADD PRIMARY KEY (`id`),
  ADD UNIQUE KEY `name` (`name`);

--
-- Indexes for table `languages`
--
ALTER TABLE `languages`
  ADD PRIMARY KEY (`id`),
  ADD UNIQUE KEY `name` (`name`);

--
-- Indexes for table `movies`
--
ALTER TABLE `movies`
  ADD PRIMARY KEY (`id`),
  ADD KEY `country_id` (`country_id`),
  ADD KEY `language_id` (`language_id`);

--
-- Indexes for table `movie_cast`
--
ALTER TABLE `movie_cast`
  ADD PRIMARY KEY (`id`),
  ADD KEY `movie_id` (`movie_id`),
  ADD KEY `person_id` (`person_id`);

--
-- Indexes for table `movie_genres`
--
ALTER TABLE `movie_genres`
  ADD PRIMARY KEY (`movie_id`,`genre_id`),
  ADD KEY `genre_id` (`genre_id`);

--
-- Indexes for table `movie_people`
--
ALTER TABLE `movie_people`
  ADD PRIMARY KEY (`id`);

--
-- Indexes for table `ratings_reviews`
--
ALTER TABLE `ratings_reviews`
  ADD PRIMARY KEY (`id`),
  ADD UNIQUE KEY `user_movie_unique` (`user_id`,`movie_id`),
  ADD KEY `user_id` (`user_id`),
  ADD KEY `movie_id` (`movie_id`);

--
-- Indexes for table `users`
--
ALTER TABLE `users`
  ADD PRIMARY KEY (`id`),
  ADD UNIQUE KEY `username` (`username`);

--
-- Indexes for table `user_favorites`
--
ALTER TABLE `user_favorites`
  ADD PRIMARY KEY (`id`),
  ADD UNIQUE KEY `user_movie_unique` (`user_id`,`movie_id`),
  ADD KEY `movie_id` (`movie_id`);

--
-- AUTO_INCREMENT for dumped tables
--

--
-- AUTO_INCREMENT for table `countries`
--
ALTER TABLE `countries`
  MODIFY `id` int(11) NOT NULL AUTO_INCREMENT, AUTO_INCREMENT=17;

--
-- AUTO_INCREMENT for table `genres`
--
ALTER TABLE `genres`
  MODIFY `id` int(11) NOT NULL AUTO_INCREMENT, AUTO_INCREMENT=29;

--
-- AUTO_INCREMENT for table `languages`
--
ALTER TABLE `languages`
  MODIFY `id` int(11) NOT NULL AUTO_INCREMENT, AUTO_INCREMENT=12;

--
-- AUTO_INCREMENT for table `movies`
--
ALTER TABLE `movies`
  MODIFY `id` int(11) NOT NULL AUTO_INCREMENT, AUTO_INCREMENT=152;

--
-- AUTO_INCREMENT for table `movie_cast`
--
ALTER TABLE `movie_cast`
  MODIFY `id` int(11) NOT NULL AUTO_INCREMENT, AUTO_INCREMENT=585;

--
-- AUTO_INCREMENT for table `movie_people`
--
ALTER TABLE `movie_people`
  MODIFY `id` int(11) NOT NULL AUTO_INCREMENT, AUTO_INCREMENT=571;

--
-- AUTO_INCREMENT for table `ratings_reviews`
--
ALTER TABLE `ratings_reviews`
  MODIFY `id` int(11) NOT NULL AUTO_INCREMENT, AUTO_INCREMENT=530;

--
-- AUTO_INCREMENT for table `users`
--
ALTER TABLE `users`
  MODIFY `id` int(11) NOT NULL AUTO_INCREMENT, AUTO_INCREMENT=27;

--
-- AUTO_INCREMENT for table `user_favorites`
--
ALTER TABLE `user_favorites`
  MODIFY `id` int(11) NOT NULL AUTO_INCREMENT, AUTO_INCREMENT=516;

--
-- Constraints for dumped tables
--

--
-- Constraints for table `movies`
--
ALTER TABLE `movies`
  ADD CONSTRAINT `movies_ibfk_country` FOREIGN KEY (`country_id`) REFERENCES `countries` (`id`) ON DELETE SET NULL,
  ADD CONSTRAINT `movies_ibfk_language` FOREIGN KEY (`language_id`) REFERENCES `languages` (`id`) ON DELETE SET NULL;

--
-- Constraints for table `movie_cast`
--
ALTER TABLE `movie_cast`
  ADD CONSTRAINT `movie_cast_ibfk_movie` FOREIGN KEY (`movie_id`) REFERENCES `movies` (`id`) ON DELETE CASCADE,
  ADD CONSTRAINT `movie_cast_ibfk_person` FOREIGN KEY (`person_id`) REFERENCES `movie_people` (`id`) ON DELETE CASCADE;

--
-- Constraints for table `movie_genres`
--
ALTER TABLE `movie_genres`
  ADD CONSTRAINT `movie_genres_ibfk_1` FOREIGN KEY (`movie_id`) REFERENCES `movies` (`id`) ON DELETE CASCADE,
  ADD CONSTRAINT `movie_genres_ibfk_2` FOREIGN KEY (`genre_id`) REFERENCES `genres` (`id`) ON DELETE CASCADE;

--
-- Constraints for table `ratings_reviews`
--
ALTER TABLE `ratings_reviews`
  ADD CONSTRAINT `ratings_reviews_ibfk_movie` FOREIGN KEY (`movie_id`) REFERENCES `movies` (`id`) ON DELETE CASCADE,
  ADD CONSTRAINT `ratings_reviews_ibfk_user` FOREIGN KEY (`user_id`) REFERENCES `users` (`id`) ON DELETE CASCADE;

--
-- Constraints for table `user_favorites`
--
ALTER TABLE `user_favorites`
  ADD CONSTRAINT `user_favorites_ibfk_movie` FOREIGN KEY (`movie_id`) REFERENCES `movies` (`id`) ON DELETE CASCADE,
  ADD CONSTRAINT `user_favorites_ibfk_user` FOREIGN KEY (`user_id`) REFERENCES `users` (`id`) ON DELETE CASCADE;
COMMIT;

/*!40101 SET CHARACTER_SET_CLIENT=@OLD_CHARACTER_SET_CLIENT */;
/*!40101 SET CHARACTER_SET_RESULTS=@OLD_CHARACTER_SET_RESULTS */;
/*!40101 SET COLLATION_CONNECTION=@OLD_COLLATION_CONNECTION */;
